Report Name,AR report
Store Name,b2b-uat.myshopify.com
Generated On,16-Sep-2026 04:58:38 PM
Export Till Date,16-Sep-2026

Sr. No.,Order Date,Order Number,Email ID,Payment Status,Product Type,Product Category,Subtotal,Tax Value,Shipping Charge,Grand Total,Paid,Outstanding,Currency,Partner Name,Partner Cert ID,Partner SAP ID,Partner Type,Sales Rep. Name,Sales Rep. Emp Code,Entity,Division Name,Division Code,Order Age,upto 30 Days,31-60 Days,61-90 Days,91-120 Days,121-150 Days,151-180 Days,181-365 Days,365 Above
1,16-Sep-2026,PST-#1840,eccouncilwork@gmail.com,PARTIALLY_PAID,DRM + Lab,EDRP,3631.5,330.47,0.0,3961.97,1961.97,2000.0,USD,Anand's Company,Y6K2A7T9PXLM,470918632155,Academia,"Noah Hayes
",E5P7R1K,ICEC,Academia US,016,0,3961.97,0,0,0,0,0,0,0
2,10-Sep-2026,PST-#1834,gargeepawarecc@gmail.com,PENDING,DRM W/ECC EV + Lab,CTIA,5385.33,700.1,0.0,6085.43,0.0,6085.43,CAD,Order Cap Test,P6Q9M2K7AXTW,491726835607,ATC,,,ECCC,Channel US,017,6,6085.43,0,0,0,0,0,0,0
3,10-Sep-2026,PST-#1833,gargeepawarecc@gmail.com,PENDING,DRM W/VUE EV,CEH,5385.33,700.1,0.0,6085.43,0.0,6085.43,CAD,Order Cap Test,P6Q9M2K7AXTW,491726835607,ATC,,,ECCC,Channel US,017,6,6085.43,0,0,0,0,0,0,0
4,10-Sep-2026,PST-#1826,gargeepawarecc@gmail.com,PENDING,iLabs,ICS/SCADA,2362.98,89.43,0.0,2452.41,0.0,2452.41,USD,Order Cap Test,P6Q9M2K7AXTW,491726835607,ATC,"Christian Walker
",Y9M1R5K,ICEC,Channel US,017,6,2452.41,0,0,0,0,0,0,0
5,04-Sep-2026,PST-#1823,nkixis3@mailsbay.com,PENDING,,,598.0,52.32,0.0,650.32,0.0,650.32,USD,Dell,R8SAP1L4X2QM,753914268180,ATC,"Isabella Mitchell
",J5K9A1M,ICEC,Channel US,017,12,650.32,0,0,0,0,0,0,0
6,04-Sep-2026,#PST-1822,nkixis3@mailsbay.com,PENDING,,,598.0,52.32,0.0,650.32,0.0,650.32,USD,Dell,R8SAP1L4X2QM,753914268180,ATC,"Isabella Mitchell
",J5K9A1M,ICEC,Channel US,017,12,650.32,0,0,0,0,0,0,0
7,04-Sep-2026,#1821-PS,nkixis3@mailsbay.com,PENDING,,,598.0,52.32,0.0,650.32,0.0,650.32,USD,Dell,R8SAP1L4X2QM,753914268180,ATC,"Isabella Mitchell
",J5K9A1M,ICEC,Channel US,017,12,650.32,0,0,0,0,0,0,0
8,28-Aug-2026,#1813,sameer.singh@eccouncil.org,PENDING,Lab,CHFI,199.0,0.0,0.0,199.0,0.0,199.0,USD,Tata Sonic,SAP2M7L8X4ZW,529801467312,ATC,"Natalie Foster
",D5Q9A6X,ICEC,Channel US,017,19,199.0,0,0,0,0,0,0,0
9,25-Aug-2026,#1801,gargeepawarecc@gmail.com,PENDING,DRM W/VUE EV,CEH,7352.65,367.63,0.0,7720.28,0.0,7720.28,CAD,Order Cap Test,P6Q9M2K7AXTW,491726835607,,,,ECCC,,,22,7720.28,0,0,0,0,0,0,0
10,25-Aug-2026,#1795,gargeepawarecc@gmail.com,PENDING,DRM W/ECC EV + Lab,CTIA,7352.65,367.63,0.0,7720.28,0.0,7720.28,CAD,Order Cap Test,P6Q9M2K7AXTW,491726835607,,,,ECCC,,,22,7720.28,0,0,0,0,0,0,0
11,25-Aug-2026,#1794,gargeepawarecc@gmail.com,PENDING,DRM W/VUE EV,CEH,7352.65,367.63,0.0,7720.28,0.0,7720.28,CAD,Order Cap Test,P6Q9M2K7AXTW,491726835607,,,,ECCC,,,22,7720.28,0,0,0,0,0,0,0
12,25-Aug-2026,#1793,gargeepawarecc@gmail.com,PENDING,DRM W/ECC EV + Lab,CTIA,7352.65,367.63,0.0,7720.28,0.0,7720.28,CAD,Order Cap Test,P6Q9M2K7AXTW,491726835607,,,,ECCC,,,22,7720.28,0,0,0,0,0,0,0
13,25-Aug-2026,#1792,gargeepawarecc@gmail.com,PENDING,DRM W/VUE EV,CEH,9633.8,481.69,0.0,10115.49,0.0,10115.49,CAD,Order Cap Test,P6Q9M2K7AXTW,491726835607,,,,ECCC,,,22,10115.49,0,0,0,0,0,0,0
14,25-Aug-2026,#1791,gargeepawarecc@gmail.com,PENDING,DRM W/PU EV,CEH,9633.8,481.69,0.0,10115.49,0.0,10115.49,CAD,Order Cap Test,P6Q9M2K7AXTW,491726835607,,,,ECCC,,,22,10115.49,0,0,0,0,0,0,0
15,25-Aug-2026,#1790,gargeepawarecc@gmail.com,PENDING,DRM W/VUE EV,CEH,9633.8,481.69,0.0,10115.49,0.0,10115.49,CAD,Order Cap Test,P6Q9M2K7AXTW,491726835607,,,,ECCC,,,22,10115.49,0,0,0,0,0,0,0
16,25-Aug-2026,#1789,gargeepawarecc@gmail.com,PENDING,DRM W/PU EV,CEH,9633.8,481.69,0.0,10115.49,0.0,10115.49,CAD,Order Cap Test,P6Q9M2K7AXTW,491726835607,,,,ECCC,,,22,10115.49,0,0,0,0,0,0,0
17,25-Aug-2026,#1788,gargeepawarecc@gmail.com,PENDING,DRM W/VUE EV,CEH,9633.8,481.69,0.0,10115.49,0.0,10115.49,CAD,Order Cap Test,P6Q9M2K7AXTW,491726835607,,,,ECCC,,,22,10115.49,0,0,0,0,0,0,0
18,25-Aug-2026,#1776,gargeepawarecc@gmail.com,PENDING,iLabs + Prep EV + PU EV,EHE,64.95,2.57,0.0,67.52,0.0,67.52,USD,Order Cap Test,P6Q9M2K7AXTW,491726835607,ATC,"Christian Walker
",Y9M1R5K,ICEC,Channel US,017,22,67.52,0,0,0,0,0,0,0
19,21-Aug-2026,#1743,gargeepawarecc@gmail.com,PARTIALLY_PAID,iLabs,CASE,349.95,11.85,0.0,361.8,100.0,261.8,USD,Order Cap Test,P6Q9M2K7AXTW,491726835607,ATC,"Christian Walker
",Y9M1R5K,ICEC,Channel US,017,26,361.8,0,0,0,0,0,0,0
20,21-Aug-2026,#1741,gargeepawarecc@gmail.com,PARTIALLY_PAID,DRM,ACCISO,57.49,2.27,0.0,59.76,14.0,45.76,USD,Order Cap Test,P6Q9M2K7AXTW,491726835607,ATC,"Christian Walker
",Y9M1R5K,ICEC,Channel US,017,26,59.76,0,0,0,0,0,0,0
21,21-Aug-2026,#1740,gargeepawarecc@gmail.com,PARTIALLY_PAID,DRM W/PU EV + iLabs,CDE,101.97,4.03,0.0,106.0,31.75,74.25,USD,Order Cap Test,P6Q9M2K7AXTW,491726835607,ATC,"Christian Walker
",Y9M1R5K,ICEC,Channel US,017,26,106.0,0,0,0,0,0,0,0
22,18-Aug-2026,#1739,eccouncilwork@gmail.com,PARTIALLY_PAID,DRM W/PU EV + iLabs,CDE,638.0,63.8,0.0,701.8,509.0,192.8,USD,Moxiiii QA Tax Exe,T2Q6L9M5APRX,436290815743,,,,ICEC,,,29,701.8,0,0,0,0,0,0,0
23,14-Aug-2026,#1733,gargeepawarecc@gmail.com,PENDING,DRM W/PU EV + iLabs + iVideo,CSCU,33.51,1.33,0.0,34.84,0.0,34.84,USD,Order Cap Test,P6Q9M2K7AXTW,491726835607,ATC,"Christian Walker
",Y9M1R5K,ICEC,Channel US,017,33,0,34.84,0,0,0,0,0,0
24,14-Aug-2026,#1732,sameer.singh@eccouncil.org,PENDING,iLabs + Prep EV + PU EV,EHE,2065.98,103.3,0.0,2169.28,0.0,2169.28,USD,Tata Sonic,SAP2M7L8X4ZW,529801467312,ATC,"Natalie Foster
",D5Q9A6X,ICEC,Channel US,017,33,0,2169.28,0,0,0,0,0,0
25,14-Aug-2026,#1729,gargeepawarecc@gmail.com,PENDING,iLabs + Prep EV + PU EV,DFE,652.36,25.77,0.0,678.13,0.0,678.13,USD,Order Cap Test,P6Q9M2K7AXTW,491726835607,ATC,"Christian Walker
",Y9M1R5K,ICEC,Channel US,017,33,0,678.13,0,0,0,0,0,0
26,14-Aug-2026,#1725,sameer.singh@eccouncil.org,PENDING,DRM W/PU EV + iLabs,CDE,2065.98,139.46,0.0,2205.44,0.0,2205.44,USD,Tata Sonic,SAP2M7L8X4ZW,529801467312,ATC,"Natalie Foster
",D5Q9A6X,ICEC,Channel US,017,33,0,2205.44,0,0,0,0,0,0
27,14-Aug-2026,#1721,gargeepawarecc@gmail.com,PENDING,iLabs + Prep EV + PU EV,DFE,1116.95,44.12,0.0,1161.07,0.0,1161.07,USD,Order Cap Test,P6Q9M2K7AXTW,491726835607,ATC,"Christian Walker
",Y9M1R5K,ICEC,Channel US,017,33,0,1161.07,0,0,0,0,0,0
28,14-Aug-2026,#1720,gargeepawarecc@gmail.com,PENDING,DRM W/PU EV + iLabs + iVideo,CSCU,33.51,1.33,0.0,34.84,0.0,34.84,USD,Order Cap Test,P6Q9M2K7AXTW,491726835607,ATC,"Christian Walker
",Y9M1R5K,ICEC,Channel US,017,33,0,34.84,0,0,0,0,0,0
29,14-Aug-2026,#1719,sameer.singh@eccouncil.org,PENDING,DRM W/PU EV + iLabs,CDE,2065.98,139.46,0.0,2205.44,0.0,2205.44,USD,Tata Sonic,SAP2M7L8X4ZW,529801467312,ATC,"Natalie Foster
",D5Q9A6X,ICEC,Channel US,017,33,0,2205.44,0,0,0,0,0,0
30,14-Aug-2026,#1717,gargeepawarecc@gmail.com,PENDING,DRM W/VUE EV,CEH,208.19,27.07,0.0,235.26,0.0,235.26,CAD,Order Cap Test,P6Q9M2K7AXTW,491726835607,ATC,,,ECCC,Channel US,017,33,0,235.26,0,0,0,0,0,0
31,14-Aug-2026,#1715,sameer.singh@eccouncil.org,PENDING,iLabs + Prep EV + PU EV,EHE,61.98,4.19,0.0,66.17,0.0,66.17,USD,Tata Sonic,SAP2M7L8X4ZW,529801467312,ATC,"Natalie Foster
",D5Q9A6X,ICEC,Channel US,017,33,0,66.17,0,0,0,0,0,0
32,14-Aug-2026,#1712,gargeepawarecc@gmail.com,PENDING,DRM W/PU EV + iLabs + iVideo,CSCU,97.14,4.86,0.0,102.0,0.0,102.0,USD,Order Cap Test,P6Q9M2K7AXTW,491726835607,ATC,,,ICEC,Channel US,017,33,0,102.0,0,0,0,0,0,0
33,14-Aug-2026,#1711,gargeepawarecc@gmail.com,PENDING,DRM W/PU EV + Lab + Practice range,CPENT,97.14,4.86,0.0,102.0,0.0,102.0,USD,Order Cap Test,P6Q9M2K7AXTW,491726835607,ATC,,,ICEC,Channel US,017,33,0,102.0,0,0,0,0,0,0
34,14-Aug-2026,#1710,sameer.singh@eccouncil.org,PENDING,iLabs + Prep EV + PU EV,EHE,2065.98,139.46,0.0,2205.44,0.0,2205.44,USD,Tata Sonic,SAP2M7L8X4ZW,529801467312,ATC,"Natalie Foster
",D5Q9A6X,ICEC,Channel US,017,33,0,2205.44,0,0,0,0,0,0
35,14-Aug-2026,#1709,gargeepawarecc@gmail.com,PENDING,DRM W/PU EV + iLabs + iVideo,CSCU,170.86,8.55,0.0,179.41,0.0,179.41,USD,Order Cap Test,P6Q9M2K7AXTW,491726835607,ATC,,,ICEC,Channel US,017,33,0,179.41,0,0,0,0,0,0
36,14-Aug-2026,#1708,gargeepawarecc@gmail.com,PENDING,DRM W/PU EV + Lab + Practice range,CPENT,97.14,4.86,0.0,102.0,0.0,102.0,USD,Order Cap Test,P6Q9M2K7AXTW,491726835607,ATC,,,ICEC,Channel US,017,33,0,102.0,0,0,0,0,0,0
37,14-Aug-2026,#1706,gargeepawarecc@gmail.com,PARTIALLY_PAID,DRM W/PU EV + iLabs + iVideo,CSCU,341.2,4.56,0.0,345.76,102.0,243.76,USD,Order Cap Test,P6Q9M2K7AXTW,491726835607,ATC,,,ICEC,Channel US,017,33,0,345.76,0,0,0,0,0,0
38,14-Aug-2026,#1705,nkixis3@mailsbay.com,PARTIALLY_PAID,,,299.0,26.16,0.0,325.16,302.0,23.16,USD,Dell,R8SAP1L4X2QM,753914268180,ATC,"Isabella Mitchell
",J5K9A1M,ICEC,Channel US,017,33,0,325.16,0,0,0,0,0,0
39,14-Aug-2026,#1704,gargeepawarecc@gmail.com,PENDING,DRM W/PU EV + Lab + Practice range,CPENT,3212.0,158.1,0.0,3370.1,0.0,3370.1,USD,Order Cap Test,P6Q9M2K7AXTW,491726835607,ATC,,,ICEC,Channel US,017,33,0,3370.1,0,0,0,0,0,0
40,14-Aug-2026,#1698,gargeepawarecc@gmail.com,PENDING,DRM W/PU EV + Lab + Practice range,CPENT,97.14,4.86,0.0,102.0,0.0,102.0,USD,Order Cap Test,P6Q9M2K7AXTW,491726835607,ATC,,,ICEC,Channel US,017,33,0,102.0,0,0,0,0,0,0
41,14-Aug-2026,#1697,gargeepawarecc@gmail.com,PENDING,DRM W/PU EV + iLabs + iVideo,CSCU,3237.99,161.9,0.0,3399.89,0.0,3399.89,USD,Order Cap Test,P6Q9M2K7AXTW,491726835607,ATC,,,ICEC,Channel US,017,33,0,3399.89,0,0,0,0,0,0
42,14-Aug-2026,#1695,gargeepawarecc@gmail.com,PENDING,DRM W/PU EV + iLabs + iVideo,CSCU,2207.98,110.65,0.0,2318.63,0.0,2318.63,USD,Order Cap Test,P6Q9M2K7AXTW,491726835607,ATC,,,ICEC,Channel US,017,33,0,2318.63,0,0,0,0,0,0
43,14-Aug-2026,#1694,gargeepawarecc@gmail.com,PENDING,DRM W/PU EV + Lab + Practice range,CPENT,2181.98,105.02,0.0,2287.0,0.0,2287.0,USD,Order Cap Test,P6Q9M2K7AXTW,491726835607,ATC,,,ICEC,Channel US,017,33,0,2287.0,0,0,0,0,0,0
44,14-Aug-2026,#1693,sameer.singh@eccouncil.org,PENDING,DRM W/PU EV + Lab + Practice range,CPENT,4956.06,644.28,0.0,5600.34,0.0,5600.34,CAD,Tata Sonic,SAP2M7L8X4ZW,529801467312,Academia,"Logan Bryant
",S2L8R3M,ECCC,Academia US,016,33,0,5600.34,0,0,0,0,0,0
45,14-Aug-2026,#1692,gargeepawarecc@gmail.com,PENDING,DRM W/PU EV + iLabs + iVideo,CSCU,3237.99,161.9,0.0,3399.89,0.0,3399.89,USD,Order Cap Test,P6Q9M2K7AXTW,491726835607,ATC,,,ICEC,Channel US,017,33,0,3399.89,0,0,0,0,0,0
46,14-Aug-2026,#1691,sameer.singh@eccouncil.org,PENDING,DRM W/PU EV + iLabs + iVideo,CSCU,4956.06,644.28,0.0,5600.34,0.0,5600.34,CAD,Tata Sonic,SAP2M7L8X4ZW,529801467312,Academia,"Logan Bryant
",S2L8R3M,ECCC,Academia US,016,33,0,5600.34,0,0,0,0,0,0
47,14-Aug-2026,#1690,gargeepawarecc@gmail.com,PENDING,DRM W/PU EV + Lab + Practice range,CPENT,2212.0,105.6,0.0,2317.6,0.0,2317.6,USD,Order Cap Test,P6Q9M2K7AXTW,491726835607,ATC,,,ICEC,Channel US,017,33,0,2317.6,0,0,0,0,0,0
48,14-Aug-2026,#1689,sameer.singh@eccouncil.org,PENDING,DRM W/PU EV + Lab + Practice range,CPENT,4956.06,644.28,0.0,5600.34,0.0,5600.34,CAD,Tata Sonic,SAP2M7L8X4ZW,529801467312,Academia,"Logan Bryant
",S2L8R3M,ECCC,Academia US,016,33,0,5600.34,0,0,0,0,0,0
49,14-Aug-2026,#1688,gargeepawarecc@gmail.com,PENDING,DRM W/PU EV + Lab + Practice range,CPENT,97.14,4.86,0.0,102.0,0.0,102.0,USD,Order Cap Test,P6Q9M2K7AXTW,491726835607,ATC,,,ICEC,Channel US,017,33,0,102.0,0,0,0,0,0,0
50,14-Aug-2026,#1687,gargeepawarecc@gmail.com,PENDING,DRM W/PU EV + iLabs + iVideo,CSCU,97.14,4.86,0.0,102.0,0.0,102.0,USD,Order Cap Test,P6Q9M2K7AXTW,491726835607,ATC,,,ICEC,Channel US,017,33,0,102.0,0,0,0,0,0,0
51,14-Aug-2026,#1685,gargeepawarecc@gmail.com,PENDING,DRM W/PU EV + Lab + Practice range,CPENT,97.14,4.86,0.0,102.0,0.0,102.0,USD,Order Cap Test,P6Q9M2K7AXTW,491726835607,ATC,,,ICEC,Channel US,017,33,0,102.0,0,0,0,0,0,0
52,14-Aug-2026,#1684,gargeepawarecc@gmail.com,PENDING,DRM W/PU EV + iLabs + iVideo,CSCU,97.14,4.86,0.0,102.0,0.0,102.0,USD,Order Cap Test,P6Q9M2K7AXTW,491726835607,ATC,,,ICEC,Channel US,017,33,0,102.0,0,0,0,0,0,0
53,14-Aug-2026,#1683,gargeepawarecc@gmail.com,PENDING,DRM W/PU EV + Lab + Practice range,CPENT,97.14,4.86,0.0,102.0,0.0,102.0,USD,Order Cap Test,P6Q9M2K7AXTW,491726835607,ATC,,,ICEC,Channel US,017,33,0,102.0,0,0,0,0,0,0
54,13-Aug-2026,#1682,gargeepawarecc@gmail.com,PENDING,DRM W/PU EV + iLabs + iVideo,CSCU,97.14,4.86,0.0,102.0,0.0,102.0,USD,Order Cap Test,P6Q9M2K7AXTW,491726835607,ATC,,,ICEC,Channel US,017,34,0,102.0,0,0,0,0,0,0
55,13-Aug-2026,#1680,anandprakash.prasad@eccouncil.org,PENDING,DRM W/PU EV + iLabs + iVideo,CSCU,109.59,7.68,0.0,117.27,0.0,117.27,USD,Anand's Company,Y6K2A7T9PXLM,470918632155,ATC,"Anna Sanders
",Z9Q4N6T,ICEC,Channel US,017,34,0,117.27,0,0,0,0,0,0
56,13-Aug-2026,#1679,gargeepawarecc@gmail.com,PENDING,DRM W/PU EV + Lab + Practice range,CPENT,97.14,4.86,0.0,102.0,0.0,102.0,USD,Order Cap Test,P6Q9M2K7AXTW,491726835607,ATC,,,ICEC,Channel US,017,34,0,102.0,0,0,0,0,0,0
57,13-Aug-2026,#1678,gargeepawarecc@gmail.com,PENDING,DRM W/PU EV + iLabs + iVideo,CSCU,97.14,4.86,0.0,102.0,0.0,102.0,USD,Order Cap Test,P6Q9M2K7AXTW,491726835607,ATC,,,ICEC,Channel US,017,34,0,102.0,0,0,0,0,0,0
58,13-Aug-2026,#1677,gargeepawarecc@gmail.com,PENDING,DRM W/PU EV + Lab + Practice range,CPENT,97.14,4.86,0.0,102.0,0.0,102.0,USD,Order Cap Test,P6Q9M2K7AXTW,491726835607,ATC,,,ICEC,Channel US,017,34,0,102.0,0,0,0,0,0,0
59,13-Aug-2026,#1676,gargeepawarecc@gmail.com,PENDING,DRM W/PU EV + iLabs + iVideo,CSCU,97.14,4.86,0.0,102.0,0.0,102.0,USD,Order Cap Test,P6Q9M2K7AXTW,491726835607,ATC,,,ICEC,Channel US,017,34,0,102.0,0,0,0,0,0,0
60,13-Aug-2026,#1675,gargeepawarecc@gmail.com,PENDING,DRM W/PU EV + Lab + Practice range,CPENT,97.14,4.86,0.0,102.0,0.0,102.0,USD,Order Cap Test,P6Q9M2K7AXTW,491726835607,ATC,,,ICEC,Channel US,017,34,0,102.0,0,0,0,0,0,0
61,13-Aug-2026,#1674,gargeepawarecc@gmail.com,PENDING,DRM W/PU EV + iLabs + iVideo,CSCU,97.14,4.86,0.0,102.0,0.0,102.0,USD,Order Cap Test,P6Q9M2K7AXTW,491726835607,ATC,,,ICEC,Channel US,017,34,0,102.0,0,0,0,0,0,0
62,13-Aug-2026,#1673,gargeepawarecc@gmail.com,PENDING,DRM W/PU EV + Lab + Practice range,CPENT,97.14,4.86,0.0,102.0,0.0,102.0,USD,Order Cap Test,P6Q9M2K7AXTW,491726835607,ATC,,,ICEC,Channel US,017,34,0,102.0,0,0,0,0,0,0
63,13-Aug-2026,#1672,gargeepawarecc@gmail.com,PENDING,DRM W/PU EV + Lab + Practice range,CPENT,3237.99,161.9,0.0,3399.89,0.0,3399.89,USD,Order Cap Test,P6Q9M2K7AXTW,491726835607,ATC,,,ICEC,Channel US,017,34,0,3399.89,0,0,0,0,0,0
64,13-Aug-2026,#1671,gargeepawarecc@gmail.com,PENDING,DRM W/PU EV + iLabs + iVideo,CSCU,97.14,4.86,0.0,102.0,0.0,102.0,USD,Order Cap Test,P6Q9M2K7AXTW,491726835607,ATC,,,ICEC,Channel US,017,34,0,102.0,0,0,0,0,0,0
65,13-Aug-2026,#1670,gargeepawarecc@gmail.com,PENDING,DRM W/PU EV + Lab + Practice range,CPENT,97.14,4.86,0.0,102.0,0.0,102.0,USD,Order Cap Test,P6Q9M2K7AXTW,491726835607,ATC,,,ICEC,Channel US,017,34,0,102.0,0,0,0,0,0,0
66,13-Aug-2026,#1668,gargeepawarecc@gmail.com,PENDING,DRM W/PU EV + iLabs + iVideo,CSCU,97.14,4.86,0.0,102.0,0.0,102.0,USD,Order Cap Test,P6Q9M2K7AXTW,491726835607,ATC,,,ICEC,Channel US,017,34,0,102.0,0,0,0,0,0,0
67,13-Aug-2026,#1666,gargeepawarecc@gmail.com,PENDING,DRM W/PU EV + Lab + Practice range,CPENT,3237.99,161.9,0.0,3399.89,0.0,3399.89,USD,Order Cap Test,P6Q9M2K7AXTW,491726835607,ATC,,,ICEC,Channel US,017,34,0,3399.89,0,0,0,0,0,0
68,12-Aug-2026,#1662,anandprakash.prasad@eccouncil.org,PENDING,DRM W/PU EV + iLabs + iVideo,CSCU,86.58,6.07,0.0,92.65,0.0,92.65,USD,Anand's Company,Y6K2A7T9PXLM,470918632155,ATC,"Anna Sanders
",Z9Q4N6T,ICEC,Channel US,017,35,0,92.65,0,0,0,0,0,0
69,12-Aug-2026,#1660,anandprakash.prasad@eccouncil.org,PENDING,iLabs + Prep EV + PU EV,EHE,10.0,0.7,0.0,10.7,0.0,10.7,USD,Anand's Company,Y6K2A7T9PXLM,470918632155,ATC,"Anna Sanders
",Z9Q4N6T,ICEC,Channel US,017,35,0,10.7,0,0,0,0,0,0
70,11-Aug-2026,#1654,anandprakash.prasad@eccouncil.org,PARTIALLY_PAID,DRM W/PU EV + iLabs,CDE,920.13,64.41,0.0,984.54,105.0,879.54,USD,Anand's Company,Y6K2A7T9PXLM,470918632155,ATC,"Anna Sanders
",Z9Q4N6T,ICEC,Channel US,017,36,0,984.54,0,0,0,0,0,0
71,11-Aug-2026,#1647,gargeepawarecc@gmail.com,PENDING,DRM W/PU EV + Lab + Practice range,CPENT,3237.99,161.9,0.0,3399.89,0.0,3399.89,USD,Order Cap Test,P6Q9M2K7AXTW,491726835607,ATC,,,ICEC,Channel US,017,36,0,3399.89,0,0,0,0,0,0
72,11-Aug-2026,#1646,gargeepawarecc@gmail.com,PENDING,DRM W/PU EV + iLabs + iVideo,CSCU,3237.99,161.9,0.0,3399.89,0.0,3399.89,USD,Order Cap Test,P6Q9M2K7AXTW,491726835607,ATC,,,ICEC,Channel US,017,36,0,3399.89,0,0,0,0,0,0
73,11-Aug-2026,#1645,gargeepawarecc@gmail.com,PENDING,DRM W/PU EV + Lab + Practice range,CPENT,3237.99,161.9,0.0,3399.89,0.0,3399.89,USD,Order Cap Test,P6Q9M2K7AXTW,491726835607,ATC,,,ICEC,Channel US,017,36,0,3399.89,0,0,0,0,0,0
74,11-Aug-2026,#1643,gargeepawarecc@gmail.com,PENDING,DRM W/PU EV + iLabs + iVideo,CSCU,3237.99,161.9,0.0,3399.89,0.0,3399.89,USD,Order Cap Test,P6Q9M2K7AXTW,491726835607,ATC,,,ICEC,Channel US,017,36,0,3399.89,0,0,0,0,0,0
75,11-Aug-2026,#1642,gargeepawarecc@gmail.com,PENDING,DRM W/PU EV + Lab + Practice range,CPENT,2287.99,109.4,0.0,2397.39,0.0,2397.39,USD,Order Cap Test,P6Q9M2K7AXTW,491726835607,ATC,,,ICEC,Channel US,017,36,0,2397.39,0,0,0,0,0,0
76,10-Aug-2026,#1640,anandprakash.prasad@eccouncil.org,PARTIALLY_PAID,iLabs + Prep EV + PU EV,EHE,8.14,0.0,0.0,8.14,0.0,8.14,USD,Anand's Company,Y6K2A7T9PXLM,470918632155,ATC,"Anna Sanders
",Z9Q4N6T,ICEC,Channel US,017,37,0,8.14,0,0,0,0,0,0
77,08-Aug-2026,#1639,sameer.singh@eccouncil.org,PENDING,DRM W/PU EV + Lab + Practice range,CPENT,7926.75,1030.47,0.0,8957.22,0.0,8957.22,CAD,Tata Sonic,SAP2M7L8X4ZW,529801467312,Academia,"Logan Bryant
",S2L8R3M,ECCC,Academia US,016,39,0,8957.22,0,0,0,0,0,0
78,08-Aug-2026,#1638,sameer.singh@eccouncil.org,PARTIALLY_PAID,DRM W/PU EV + iLabs + iVideo,CSCU,7926.75,1030.47,0.0,8957.22,957.22,8000.0,CAD,Tata Sonic,SAP2M7L8X4ZW,529801467312,Academia,"Logan Bryant
",S2L8R3M,ECCC,Academia US,016,39,0,8957.22,0,0,0,0,0,0
79,08-Aug-2026,#1637,sameer.singh@eccouncil.org,PENDING,DRM W/PU EV + Lab + Practice range,CPENT,7926.75,1030.47,0.0,8957.22,0.0,8957.22,CAD,Tata Sonic,SAP2M7L8X4ZW,529801467312,Academia,"Logan Bryant
",S2L8R3M,ECCC,Academia US,016,39,0,8957.22,0,0,0,0,0,0
80,08-Aug-2026,#1636,sameer.singh@eccouncil.org,PENDING,DRM W/PU EV + iLabs + iVideo,CSCU,7926.75,1030.47,0.0,8957.22,0.0,8957.22,CAD,Tata Sonic,SAP2M7L8X4ZW,529801467312,Academia,"Logan Bryant
",S2L8R3M,ECCC,Academia US,016,39,0,8957.22,0,0,0,0,0,0
81,08-Aug-2026,#1635,sameer.singh@eccouncil.org,PENDING,DRM W/PU EV + Lab + Practice range,CPENT,7926.75,1030.47,0.0,8957.22,0.0,8957.22,CAD,Tata Sonic,SAP2M7L8X4ZW,529801467312,Academia,"Logan Bryant
",S2L8R3M,ECCC,Academia US,016,39,0,8957.22,0,0,0,0,0,0
82,08-Aug-2026,#1634,sameer.singh@eccouncil.org,PENDING,DRM W/PU EV + iLabs + iVideo,CSCU,7926.75,1030.47,0.0,8957.22,0.0,8957.22,CAD,Tata Sonic,SAP2M7L8X4ZW,529801467312,Academia,"Logan Bryant
",S2L8R3M,ECCC,Academia US,016,39,0,8957.22,0,0,0,0,0,0
83,08-Aug-2026,#1633,sameer.singh@eccouncil.org,PENDING,DRM W/PU EV + Lab + Practice range,CPENT,7926.75,1030.47,0.0,8957.22,0.0,8957.22,CAD,Tata Sonic,SAP2M7L8X4ZW,529801467312,Academia,"Logan Bryant
",S2L8R3M,ECCC,Academia US,016,39,0,8957.22,0,0,0,0,0,0
84,08-Aug-2026,#1632,sameer.singh@eccouncil.org,PENDING,DRM W/PU EV + iLabs + iVideo,CSCU,7926.75,1030.47,0.0,8957.22,0.0,8957.22,CAD,Tata Sonic,SAP2M7L8X4ZW,529801467312,Academia,"Logan Bryant
",S2L8R3M,ECCC,Academia US,016,39,0,8957.22,0,0,0,0,0,0
85,08-Aug-2026,#1631,sameer.singh@eccouncil.org,PENDING,DRM W/PU EV + Lab + Practice range,CPENT,7926.75,1030.47,0.0,8957.22,0.0,8957.22,CAD,Tata Sonic,SAP2M7L8X4ZW,529801467312,Academia,"Logan Bryant
",S2L8R3M,ECCC,Academia US,016,39,0,8957.22,0,0,0,0,0,0
86,08-Aug-2026,#1630,sameer.singh@eccouncil.org,PENDING,DRM W/PU EV + iLabs + iVideo,CSCU,7926.75,1030.47,0.0,8957.22,0.0,8957.22,CAD,Tata Sonic,SAP2M7L8X4ZW,529801467312,Academia,"Logan Bryant
",S2L8R3M,ECCC,Academia US,016,39,0,8957.22,0,0,0,0,0,0
87,08-Aug-2026,#1629,sameer.singh@eccouncil.org,PENDING,DRM W/PU EV + Lab + Practice range,CPENT,7926.75,1030.47,0.0,8957.22,0.0,8957.22,CAD,Tata Sonic,SAP2M7L8X4ZW,529801467312,Academia,"Logan Bryant
",S2L8R3M,ECCC,Academia US,016,39,0,8957.22,0,0,0,0,0,0
88,08-Aug-2026,#1628,sameer.singh@eccouncil.org,PENDING,DRM W/PU EV + iLabs + iVideo,CSCU,7926.75,1030.47,0.0,8957.22,0.0,8957.22,CAD,Tata Sonic,SAP2M7L8X4ZW,529801467312,Academia,"Logan Bryant
",S2L8R3M,ECCC,Academia US,016,39,0,8957.22,0,0,0,0,0,0
89,08-Aug-2026,#1627,sameer.singh@eccouncil.org,PENDING,DRM W/PU EV + Lab + Practice range,CPENT,7926.75,1030.47,0.0,8957.22,0.0,8957.22,CAD,Tata Sonic,SAP2M7L8X4ZW,529801467312,Academia,"Logan Bryant
",S2L8R3M,ECCC,Academia US,016,39,0,8957.22,0,0,0,0,0,0
90,08-Aug-2026,#1626,sameer.singh@eccouncil.org,PENDING,DRM W/PU EV + iLabs + iVideo,CSCU,7926.75,1030.47,0.0,8957.22,0.0,8957.22,CAD,Tata Sonic,SAP2M7L8X4ZW,529801467312,Academia,"Logan Bryant
",S2L8R3M,ECCC,Academia US,016,39,0,8957.22,0,0,0,0,0,0
91,08-Aug-2026,#1625,sameer.singh@eccouncil.org,PENDING,DRM W/PU EV + Lab + Practice range,CPENT,7926.75,1030.47,0.0,8957.22,0.0,8957.22,CAD,Tata Sonic,SAP2M7L8X4ZW,529801467312,Academia,"Logan Bryant
",S2L8R3M,ECCC,Academia US,016,39,0,8957.22,0,0,0,0,0,0
92,08-Aug-2026,#1624,sameer.singh@eccouncil.org,PENDING,DRM W/PU EV + iLabs + iVideo,CSCU,7926.75,1030.47,0.0,8957.22,0.0,8957.22,CAD,Tata Sonic,SAP2M7L8X4ZW,529801467312,Academia,"Logan Bryant
",S2L8R3M,ECCC,Academia US,016,39,0,8957.22,0,0,0,0,0,0
93,08-Aug-2026,#1623,sameer.singh@eccouncil.org,PENDING,DRM W/PU EV + Lab + Practice range,CPENT,7926.75,1030.47,0.0,8957.22,0.0,8957.22,CAD,Tata Sonic,SAP2M7L8X4ZW,529801467312,Academia,"Logan Bryant
",S2L8R3M,ECCC,Academia US,016,39,0,8957.22,0,0,0,0,0,0
94,08-Aug-2026,#1622,sameer.singh@eccouncil.org,PENDING,DRM W/PU EV + iLabs + iVideo,CSCU,7926.75,1030.47,0.0,8957.22,0.0,8957.22,CAD,Tata Sonic,SAP2M7L8X4ZW,529801467312,Academia,"Logan Bryant
",S2L8R3M,ECCC,Academia US,016,39,0,8957.22,0,0,0,0,0,0
95,08-Aug-2026,#1621,sameer.singh@eccouncil.org,PENDING,DRM W/PU EV + Lab + Practice range,CPENT,7926.75,1030.47,0.0,8957.22,0.0,8957.22,CAD,Tata Sonic,SAP2M7L8X4ZW,529801467312,Academia,"Logan Bryant
",S2L8R3M,ECCC,Academia US,016,39,0,8957.22,0,0,0,0,0,0
96,08-Aug-2026,#1620,sameer.singh@eccouncil.org,PENDING,DRM W/PU EV + iLabs + iVideo,CSCU,7926.75,1030.47,0.0,8957.22,0.0,8957.22,CAD,Tata Sonic,SAP2M7L8X4ZW,529801467312,Academia,"Logan Bryant
",S2L8R3M,ECCC,Academia US,016,39,0,8957.22,0,0,0,0,0,0
97,08-Aug-2026,#1619,sameer.singh@eccouncil.org,PENDING,DRM W/PU EV + Lab + Practice range,CPENT,7926.75,1030.47,0.0,8957.22,0.0,8957.22,CAD,Tata Sonic,SAP2M7L8X4ZW,529801467312,Academia,"Logan Bryant
",S2L8R3M,ECCC,Academia US,016,39,0,8957.22,0,0,0,0,0,0
98,08-Aug-2026,#1618,sameer.singh@eccouncil.org,PENDING,DRM W/PU EV + Lab + Practice range,CPENT,1847.42,240.16,0.0,2087.58,0.0,2087.58,CAD,Tata Sonic,SAP2M7L8X4ZW,529801467312,Academia,"Logan Bryant
",S2L8R3M,ECCC,Academia US,016,39,0,2087.58,0,0,0,0,0,0
99,08-Aug-2026,#1617,sameer.singh@eccouncil.org,PENDING,DRM W/PU EV + iLabs + iVideo,CSCU,1847.42,240.16,0.0,2087.58,0.0,2087.58,CAD,Tata Sonic,SAP2M7L8X4ZW,529801467312,Academia,"Logan Bryant
",S2L8R3M,ECCC,Academia US,016,39,0,2087.58,0,0,0,0,0,0
100,08-Aug-2026,#1616,sameer.singh@eccouncil.org,PENDING,DRM W/PU EV + iLabs + iVideo,CSCU,7926.75,1030.47,0.0,8957.22,0.0,8957.22,CAD,Tata Sonic,SAP2M7L8X4ZW,529801467312,Academia,"Logan Bryant
",S2L8R3M,ECCC,Academia US,016,39,0,8957.22,0,0,0,0,0,0
101,08-Aug-2026,#1615,sameer.singh@eccouncil.org,PENDING,DRM W/PU EV + Lab + Practice range,CPENT,7926.75,1030.47,0.0,8957.22,0.0,8957.22,CAD,Tata Sonic,SAP2M7L8X4ZW,529801467312,Academia,"Logan Bryant
",S2L8R3M,ECCC,Academia US,016,39,0,8957.22,0,0,0,0,0,0
102,08-Aug-2026,#1614,sameer.singh@eccouncil.org,PENDING,DRM W/PU EV + iLabs + iVideo,CSCU,7926.75,1030.47,0.0,8957.22,0.0,8957.22,CAD,Tata Sonic,SAP2M7L8X4ZW,529801467312,Academia,"Logan Bryant
",S2L8R3M,ECCC,Academia US,016,39,0,8957.22,0,0,0,0,0,0
103,06-Aug-2026,#1605,radicalnaksha@gmail.com,PARTIALLY_PAID,DRM W/PU EV + iLabs,CDE,2115.99,0.0,0.0,2115.99,1600.0,515.99,USD,KETAN UNIVERSITY,F3SAP8Q2W7KN,692385741908,ATC,,,ICEC,Channel US,017,41,0,2115.99,0,0,0,0,0,0
104,06-Aug-2026,#1604,radicalnaksha@gmail.com,PARTIALLY_PAID,DRM W/PU EV,CTIA,804.0,53.07,0.0,857.07,300.0,557.07,USD,KETAN UNIVERSITY,F3SAP8Q2W7KN,692385741908,,,,ICEC,,,41,0,857.07,0,0,0,0,0,0
105,21-Jul-2026,#1595,gargeepawarecc@gmail.com,PENDING,DRM W/PU EV,CTIA,810.0,40.5,0.0,850.5,0.0,850.5,USD,Order Cap Test,P6Q9M2K7AXTW,491726835607,ATC,,,ICEC,Channel US,017,57,0,850.5,0,0,0,0,0,0
106,17-Jul-2026,#1591,moxi.patel.ctr@eccouncil.org,PENDING,iLabs,CDE,297.0,25.98,0.0,322.98,0.0,322.98,USD,Test USA Entity,SAP8N5T1Q4LX,574318926140,ATC,"Mia Carter
",R4N2K8T,ICEC,Channel US,017,61,0,0,322.98,0,0,0,0,0
107,14-Jul-2026,#1588,moxi.patel.ctr@eccouncil.org,PENDING,DRM W/PU EV + iLabs + iVideo,CSCU,2691.0,235.46,0.0,2926.46,0.0,2926.46,USD,Test USA Entity,SAP8N5T1Q4LX,574318926140,Academia,"Tyler Gray
",K5M1X9P,ICEC,Academia US,016,64,0,0,2926.46,0,0,0,0,0
108,14-Jul-2026,#1584,anandprakash.prasad@eccouncil.org,PARTIALLY_PAID,iLabs,CCT,224.0,15.68,0.0,239.68,200.68,39.0,USD,Anand's Company,Y6K2A7T9PXLM,470918632155,ATC,"Anna Sanders
",Z9Q4N6T,ICEC,Channel US,017,64,0,0,239.68,0,0,0,0,0
109,14-Jul-2026,#1581,gargeepawarecc@gmail.com,PENDING,iLabs + Prep EV + PU EV,EHE,75.99,3.0,0.0,78.99,0.0,78.99,USD,Order Cap Test,P6Q9M2K7AXTW,491726835607,ATC,"Christian Walker
",Y9M1R5K,ICEC,Channel US,017,64,0,0,78.99,0,0,0,0,0
110,14-Jul-2026,#1577,suraj.mistri@eccouncil.org,PARTIALLY_PAID,,,1495.0,119.6,0.0,1614.6,807.3,807.3,USD,Sample Company,SAP7A92KX4M1,784592316048,ATC,"Anand Prasad
",Sales rep owner code test,ICEC,Channel US,017,64,0,0,1614.6,0,0,0,0,0
111,14-Jul-2026,#1570,sameer.singh@eccouncil.org,PENDING,DRM W/PU EV + iLabs + iVideo,CSCU,373.9,48.61,0.0,422.51,0.0,422.51,CAD,Tata Sonic,SAP2M7L8X4ZW,529801467312,Academia,"Logan Bryant
",S2L8R3M,ECCC,Academia US,016,64,0,0,422.51,0,0,0,0,0
112,14-Jul-2026,#1569,sameer.singh@eccouncil.org,PENDING,,,1293.03,168.09,0.0,1461.12,0.0,1461.12,CAD,Tata Sonic,SAP2M7L8X4ZW,529801467312,Academia,"Logan Bryant
",S2L8R3M,ECCC,Academia US,016,64,0,0,1461.12,0,0,0,0,0
113,10-Jul-2026,#1568,gargeepawarecc@gmail.com,PARTIALLY_PAID,,,2199.0,175.92,0.0,2374.92,374.92,2000.0,USD,Order Cap Test,P6Q9M2K7AXTW,491726835607,,,,ICEC,,,68,0,0,2374.92,0,0,0,0,0
114,08-Jul-2026,#1565,Kurakula.Chaya@eccouncil.org,PENDING,,,4398.0,351.84,0.0,4749.84,0.0,4749.84,USD,Order Cap Test,P6Q9M2K7AXTW,491726835607,,,,ICEC,,,70,0,0,4749.84,0,0,0,0,0
115,06-Jul-2026,#1561,sameer.singh@eccouncil.org,PENDING,,,2324.78,302.22,0.0,2627.0,0.0,2627.0,CAD,Tata Sonic,SAP2M7L8X4ZW,529801467312,,,,ECCC,,,72,0,0,2627.0,0,0,0,0,0
116,29-Jun-2026,#1548,eccouncilwork@gmail.com,PENDING,,,432.79,51.93,0.0,484.72,0.0,484.72,CAD,Moxiiii QA Tax Exe,T2Q6L9M5APRX,436290815743,Academia,,,ECCC,Academia US,016,79,0,0,484.72,0,0,0,0,0
117,24-Jun-2026,#1539,moxi.patel.ctr@eccouncil.org,PENDING,,,1196.0,104.66,0.0,1300.66,0.0,1300.66,USD,Test USA Entity,SAP8N5T1Q4LX,574318926140,Resellers,,,ICEC,Direct US,015,84,0,0,1300.66,0,0,0,0,0
118,24-Jun-2026,#1537,gargeepawarecc@gmail.com,PENDING,DRM W/ECC EV + iLabs,CSCU,64.99,3.25,0.0,68.24,0.0,68.24,USD,Order Cap Test,P6Q9M2K7AXTW,491726835607,ATC,,,ICEC,Channel US,017,84,0,0,68.24,0,0,0,0,0
119,23-Jun-2026,#1535,gargeepawarecc@gmail.com,PENDING,DRM W/ECC EV + iLabs,CSCU,0.0,0.0,0.0,6.5,0.0,6.5,USD,Order Cap Test,P6Q9M2K7AXTW,491726835607,ATC,,,ICEC,Channel US,017,85,0,0,6.5,0,0,0,0,0
120,23-Jun-2026,#1533,gargeepawarecc@gmail.com,PENDING,,,8394.0,671.52,0.0,9065.52,0.0,9065.52,USD,Order Cap Test,P6Q9M2K7AXTW,491726835607,,,,ICEC,,,85,0,0,9065.52,0,0,0,0,0
121,23-Jun-2026,#1532,Ketan.thakar@eccouncil.org,PENDING,,,0.0,0.0,0.0,43.23,0.0,43.23,CAD,Finance Test1,Q8L2SAP91XZT,195837462701,ATC,,,ECCC,Channel US,017,85,0,0,43.23,0,0,0,0,0
122,22-Jun-2026,#1527,sameer.singh@eccouncil.org,PENDING,,,41.79,1.48,0.0,63.17,0.0,63.17,USD,Tata Sonic,SAP2M7L8X4ZW,529801467312,ATC,,,ICEC,Channel US,017,86,0,0,63.17,0,0,0,0,0
123,19-Jun-2026,#1521,gargeepawarecc@gmail.com,PENDING,,,897.0,71.76,0.0,968.76,0.0,968.76,USD,Order Cap Test,P6Q9M2K7AXTW,491726835607,,,,ICEC,,,89,0,0,968.76,0,0,0,0,0
124,19-Jun-2026,#1520,gargeepawarecc@gmail.com,PENDING,,,3588.0,287.04,0.0,3875.04,0.0,3875.04,USD,Order Cap Test,P6Q9M2K7AXTW,491726835607,,,,ICEC,,,89,0,0,3875.04,0,0,0,0,0
125,19-Jun-2026,#1519,gargeepawarecc@gmail.com,PENDING,,,8073.0,645.84,0.0,8718.84,0.0,8718.84,USD,Order Cap Test,P6Q9M2K7AXTW,491726835607,,,,ICEC,,,89,0,0,8718.84,0,0,0,0,0
126,19-Jun-2026,#1518,gargeepawarecc@gmail.com,PENDING,,,9793.0,783.44,0.0,10576.44,0.0,10576.44,USD,Order Cap Test,P6Q9M2K7AXTW,491726835607,,,,ICEC,,,89,0,0,10576.44,0,0,0,0,0
127,19-Jun-2026,#1517,gargeepawarecc@gmail.com,PENDING,,,9793.0,783.44,0.0,10576.44,0.0,10576.44,USD,Order Cap Test,P6Q9M2K7AXTW,491726835607,,,,ICEC,,,89,0,0,10576.44,0,0,0,0,0
128,19-Jun-2026,#1516,gargeepawarecc@gmail.com,PENDING,,,9793.0,783.44,0.0,10576.44,0.0,10576.44,USD,Order Cap Test,P6Q9M2K7AXTW,491726835607,,,,ICEC,,,89,0,0,10576.44,0,0,0,0,0
129,19-Jun-2026,#1515,gargeepawarecc@gmail.com,PENDING,,,9793.0,783.44,0.0,10576.44,0.0,10576.44,USD,Order Cap Test,P6Q9M2K7AXTW,491726835607,,,,ICEC,,,89,0,0,10576.44,0,0,0,0,0
130,19-Jun-2026,#1514,gargeepawarecc@gmail.com,PENDING,,,6995.0,559.6,0.0,7554.6,0.0,7554.6,USD,Order Cap Test,P6Q9M2K7AXTW,491726835607,,,,ICEC,,,89,0,0,7554.6,0,0,0,0,0
131,19-Jun-2026,#1513,gargeepawarecc@gmail.com,PENDING,,,6995.0,559.6,0.0,7554.6,0.0,7554.6,USD,Order Cap Test,P6Q9M2K7AXTW,491726835607,,,,ICEC,,,89,0,0,7554.6,0,0,0,0,0
132,19-Jun-2026,#1512,gargeepawarecc@gmail.com,PENDING,,,6995.0,559.6,0.0,7554.6,0.0,7554.6,USD,Order Cap Test,P6Q9M2K7AXTW,491726835607,,,,ICEC,,,89,0,0,7554.6,0,0,0,0,0
133,19-Jun-2026,#1511,gargeepawarecc@gmail.com,PENDING,,,6995.0,559.6,0.0,7554.6,0.0,7554.6,USD,Order Cap Test,P6Q9M2K7AXTW,491726835607,,,,ICEC,,,89,0,0,7554.6,0,0,0,0,0
134,19-Jun-2026,#1510,gargeepawarecc@gmail.com,PENDING,,,9793.0,783.44,0.0,10576.44,0.0,10576.44,USD,Order Cap Test,P6Q9M2K7AXTW,491726835607,,,,ICEC,,,89,0,0,10576.44,0,0,0,0,0
135,19-Jun-2026,#1509,gargeepawarecc@gmail.com,PENDING,,,10995.0,879.6,0.0,11874.6,0.0,11874.6,USD,Order Cap Test,P6Q9M2K7AXTW,491726835607,,,,ICEC,,,89,0,0,11874.6,0,0,0,0,0
136,19-Jun-2026,#1508,gargeepawarecc@gmail.com,PENDING,,,55960.0,4476.8,0.0,60436.8,0.0,60436.8,USD,Order Cap Test,P6Q9M2K7AXTW,491726835607,,,,ICEC,,,89,0,0,60436.8,0,0,0,0,0
137,19-Jun-2026,#1507,gargeepawarecc@gmail.com,PENDING,,,55960.0,4476.8,0.0,60436.8,0.0,60436.8,USD,Order Cap Test,P6Q9M2K7AXTW,491726835607,,,,ICEC,,,89,0,0,60436.8,0,0,0,0,0
138,18-Jun-2026,#1506,gargeepawarecc@gmail.com,PENDING,,,149.0,11.92,0.0,160.92,0.0,160.92,USD,Order Cap Test,P6Q9M2K7AXTW,491726835607,,,,ICEC,,,90,0,0,160.92,0,0,0,0,0
139,18-Jun-2026,#1504,Ketan.thakar@eccouncil.org,PENDING,DRM W/PU EV + Lab + Practice range,CPENT,3957.5,197.88,0.0,4155.38,0.0,4155.38,CAD,Finance Test1,Q8L2SAP91XZT,195837462701,ATC,,,ECCC,Channel US,017,90,0,0,4155.38,0,0,0,0,0
140,18-Jun-2026,#1503,Ketan.thakar@eccouncil.org,PENDING,,,750.04,37.5,0.0,787.54,0.0,787.54,CAD,Finance Test1,Q8L2SAP91XZT,195837462701,ATC,,,ECCC,Channel US,017,90,0,0,787.54,0,0,0,0,0
141,18-Jun-2026,#1500,suraj.mistri@eccouncil.org,PENDING,,,3958.2,316.66,0.0,4274.86,0.0,4274.86,USD,Sample Company,SAP7A92KX4M1,784592316048,Academia,"Suraj mistri test
",Sales rep owner code test,,Academia US,016,90,0,0,4274.86,0,0,0,0,0
142,18-Jun-2026,#1499,suraj.mistri@eccouncil.org,PENDING,,,3958.2,316.66,0.0,4274.86,0.0,4274.86,USD,Sample Company,SAP7A92KX4M1,784592316048,Academia,"Suraj mistri test
",Sales rep owner code test,,Academia US,016,90,0,0,4274.86,0,0,0,0,0
143,18-Jun-2026,#1495,suraj.mistri@eccouncil.org,PENDING,,,538.2,43.06,0.0,581.26,0.0,581.26,USD,Sample Company,SAP7A92KX4M1,784592316048,Academia,"Suraj mistri test
",Sales rep owner code test,,Academia US,016,90,0,0,581.26,0,0,0,0,0
144,18-Jun-2026,#1494,suraj.mistri@eccouncil.org,PENDING,,,2518.2,201.46,0.0,2719.66,0.0,2719.66,USD,Sample Company,SAP7A92KX4M1,784592316048,Academia,"Suraj mistri test
",Sales rep owner code test,,Academia US,016,90,0,0,2719.66,0,0,0,0,0
145,17-Jun-2026,#1493,suraj.mistri@eccouncil.org,PENDING,,,3958.2,316.66,0.0,4274.86,0.0,4274.86,USD,Sample Company,SAP7A92KX4M1,784592316048,Academia,"Suraj mistri test
",Sales rep owner code test,,Academia US,016,91,0,0,0,4274.86,0,0,0,0
146,17-Jun-2026,#1492,Ketan.thakar@eccouncil.org,PENDING,,,1491.0,74.55,0.0,1565.55,0.0,1565.55,CAD,Finance Test1,Q8L2SAP91XZT,195837462701,ATC,,,ECCC,Channel US,017,91,0,0,0,1565.55,0,0,0,0
147,17-Jun-2026,#1491,Ketan.thakar@eccouncil.org,PENDING,,,398.0,35.82,0.0,433.82,0.0,433.82,USD,Finance Test1,Q8L2SAP91XZT,195837462701,ATC,,,,Channel US,017,91,0,0,0,433.82,0,0,0,0
148,17-Jun-2026,#1490,suraj.mistri@eccouncil.org,PENDING,,,2518.2,201.46,0.0,2719.66,0.0,2719.66,USD,Sample Company,SAP7A92KX4M1,784592316048,Academia,"Suraj mistri test
",Sales rep owner code test,,Academia US,016,91,0,0,0,2719.66,0,0,0,0
149,17-Jun-2026,#1489,suraj.mistri@eccouncil.org,PENDING,DRM W/PU EV + iLabs,CDE,1276.0,102.08,0.0,1378.08,0.0,1378.08,USD,Sample Company,SAP7A92KX4M1,784592316048,Academia,"Suraj mistri test
",Sales rep owner code test,,Academia US,016,91,0,0,0,1378.08,0,0,0,0
150,17-Jun-2026,#1487,gargeepawarecc@gmail.com,PENDING,,,299.0,23.92,0.0,322.92,0.0,322.92,USD,Order Cap Test,P6Q9M2K7AXTW,491726835607,,,,,,,91,0,0,0,322.92,0,0,0,0
151,17-Jun-2026,#1486,suraj.mistri@eccouncil.org,PENDING,DRM W/PU EV + iLabs,CDE,1276.0,102.08,0.0,1378.08,0.0,1378.08,USD,Sample Company,SAP7A92KX4M1,784592316048,Academia,"Suraj mistri test
",Sales rep owner code test,,Academia US,016,91,0,0,0,1378.08,0,0,0,0
152,17-Jun-2026,#1485,suraj.mistri@eccouncil.org,PENDING,DRM W/PU EV + iLabs,CDE,1276.0,102.08,0.0,1378.08,0.0,1378.08,USD,Sample Company,SAP7A92KX4M1,784592316048,Academia,"Suraj mistri test
",Sales rep owner code test,,Academia US,016,91,0,0,0,1378.08,0,0,0,0
153,17-Jun-2026,#1484,,PENDING,ECC EV,ACCISO,150.0,0.0,0.0,150.0,0.0,150.0,USD,,,,,,,,,,91,0,0,0,150.0,0,0,0,0
154,12-Jun-2026,#1481,sameer.singh.corp@gmail.com,PENDING,iLabs + Prep EV + PU EV,EHE,0.0,0.0,0.0,7.6,0.0,7.6,USD,Tata Sonic,SAP2M7L8X4ZW,529801467312,Academia,,,,Academia US,016,96,0,0,0,7.6,0,0,0,0
155,12-Jun-2026,#1480,sameer.singh.corp@gmail.com,PENDING,DRM W/ECC EV + iLabs,CSCU,0.0,0.0,0.0,6.5,0.0,6.5,USD,Tata Sonic,SAP2M7L8X4ZW,529801467312,Academia,,,,Academia US,016,96,0,0,0,6.5,0,0,0,0
156,11-Jun-2026,#1478,Ketan.thakar@eccouncil.org,PENDING,DRM W/PU EV + Lab + Practice range,CPENT,6444.0,579.96,0.0,7023.96,0.0,7023.96,USD,Finance Test1,Q8L2SAP91XZT,195837462701,ATC,,,,Channel US,017,97,0,0,0,7023.96,0,0,0,0
157,11-Jun-2026,#1477,Ketan.thakar@eccouncil.org,PENDING,,,1990.0,179.1,0.0,2169.1,0.0,2169.1,USD,Finance Test1,Q8L2SAP91XZT,195837462701,ATC,,,,Channel US,017,97,0,0,0,2169.1,0,0,0,0
158,11-Jun-2026,#1469,anandprakash.prasad@eccouncil.org,PENDING,DRM W/PU EV + iLabs + iVideo,CSCU,737.0,58.96,0.0,795.96,0.0,795.96,USD,TCS,Q7Z2R8SAP1XM,947126580234,,,,,,,97,0,0,0,795.96,0,0,0,0
159,11-Jun-2026,#1468,anandprakash.prasad@eccouncil.org,PENDING,DRM W/ECC EV + iLabs,CSCU,801.99,64.16,0.0,866.15,0.0,866.15,USD,TCS,Q7Z2R8SAP1XM,947126580234,,,,,,,97,0,0,0,866.15,0,0,0,0
160,10-Jun-2026,#1467,anandprakash.prasad@eccouncil.org,PENDING,DRM,ACCISO,0.0,0.0,0.0,41.46,0.0,41.46,USD,TCS,Q7Z2R8SAP1XM,947126580234,,,,,,,98,0,0,0,41.46,0,0,0,0
161,09-Jun-2026,#1465,nkixis3@mailsbay.com,PENDING,,,2199.0,192.42,0.0,2391.42,4782.82,2391.42,USD,Dell,R8SAP1L4X2QM,753914268180,,,,,,,99,0,0,0,2391.42,0,0,0,0
162,09-Jun-2026,#1463,nkixis3@mailsbay.com,PENDING,,,299.0,26.16,0.0,325.16,0.0,325.16,USD,Dell,R8SAP1L4X2QM,753914268180,,,,,,,99,0,0,0,325.16,0,0,0,0
163,09-Jun-2026,#1461,nkixis3@mailsbay.com,PENDING,,,1799.0,157.4,0.0,1956.4,0.0,1956.4,USD,Dell,R8SAP1L4X2QM,753914268180,,,,,,,99,0,0,0,1956.4,0,0,0,0
164,09-Jun-2026,#1452,moxi.patel.ctr@eccouncil.org,PARTIALLY_PAID,,,622.99,54.5,0.0,677.49,650.32,27.17,USD,Test USA Entity,SAP8N5T1Q4LX,574318926140,Academia,,,ICEC,Academia US,016,99,0,0,0,677.49,0,0,0,0
165,05-Jun-2026,#1448,Ketan.thakar@eccouncil.org,PENDING,DRM W/PU EV + Lab + Practice range,CPENT,1050.0,94.5,0.0,1144.5,0.0,1144.5,USD,Finance Test1,Q8L2SAP91XZT,195837462701,ATC,,,ICEC,Channel US,017,103,0,0,0,1144.5,0,0,0,0
166,05-Jun-2026,#1446,radicalnaksha@gmail.com,PENDING,DRM W/PU EV + Lab + Practice range,CPENT,449.0,0.0,0.0,554.0,0.0,554.0,USD,KETAN UNIVERSITY,F3SAP8Q2W7KN,692385741908,Academia,,,ICEC,Academia US,016,103,0,0,0,554.0,0,0,0,0
167,02-Jun-2026,#1437,veknehesta@necub.com,PENDING,DRM W/PU EV + Lab + Practice range,CPENT,2498.0,224.82,0.0,2722.82,0.0,2722.82,USD,Finance Test1,Q8L2SAP91XZT,195837462701,ATC,,,ICEC,Channel US,017,106,0,0,0,2722.82,0,0,0,0
168,29-May-2026,#1430,moxi.patel.ctr@eccouncil.org,PENDING,,,398.0,34.82,0.0,432.82,0.0,432.82,USD,Test USA Entity,SAP8N5T1Q4LX,574318926140,Resellers,,,ICEC,Direct US,015,110,0,0,0,432.82,0,0,0,0
169,29-May-2026,#1429,moxi.patel.ctr@eccouncil.org,PENDING,,,597.0,52.24,0.0,649.24,0.0,649.24,USD,Test USA Entity,SAP8N5T1Q4LX,574318926140,ATC,,,ICEC,Channel US,017,110,0,0,0,649.24,0,0,0,0
170,29-May-2026,#1428,moxi.patel.ctr@eccouncil.org,PENDING,,,598.0,47.84,0.0,645.84,0.0,645.84,USD,Test USA Entity,SAP8N5T1Q4LX,574318926140,Academia,,,ICEC,Academia US,016,110,0,0,0,645.84,0,0,0,0
171,26-May-2026,#1419,suraj.mistri@eccouncil.org,PENDING,DRM W/ECC EV + iLabs,CSCU,324.95,26.0,0.0,350.95,0.0,350.95,USD,Sample Company,SAP7A92KX4M1,784592316048,Academia,"Suraj mistri test
",Sales rep owner code test,ICEC,Channel US,016,113,0,0,0,350.95,0,0,0,0
172,26-May-2026,#1418,suraj.mistri@eccouncil.org,PENDING,DRM W/ECC EV + iLabs,CSCU,2811.96,253.08,0.0,3065.04,0.0,3065.04,USD,Sample Company,SAP7A92KX4M1,784592316048,Academia,"Suraj mistri test
",Sales rep owner code test,ICEC,Channel US,016,113,0,0,0,3065.04,0,0,0,0
173,26-May-2026,#1417,suraj.mistri@eccouncil.org,PENDING,DRM W/PU EV + iLabs + iVideo,CSCU,2340.98,187.28,0.0,2528.26,0.0,2528.26,USD,Sample Company,SAP7A92KX4M1,784592316048,Academia,"Suraj mistri test
",Sales rep owner code test,ICEC,Channel US,016,113,0,0,0,2528.26,0,0,0,0
174,26-May-2026,#1415,suraj.mistri@eccouncil.org,PENDING,DRM W/ECC EV + iLabs,CSCU,454.93,40.95,0.0,495.88,0.0,495.88,USD,Sample Company,SAP7A92KX4M1,784592316048,Academia,"Suraj mistri test
",Sales rep owner code test,ECCC,Channel US,016,113,0,0,0,495.88,0,0,0,0
175,26-May-2026,#1411,suraj.mistri@eccouncil.org,PENDING,DRM W/ECC EV + iLabs,CSCU,324.95,26.0,0.0,350.95,0.0,350.95,USD,Sample Company,SAP7A92KX4M1,784592316048,ATC,,DXTHOCKENS,,,,113,0,0,0,350.95,0,0,0,0
176,22-May-2026,#1409,moxi.patel.ctr@eccouncil.org,PENDING,,,1466.84,161.35,0.0,1628.19,0.0,1628.19,CAD,Sample Company,SAP7A92KX4M1,784592316048,,"Sameer Singh
",1634A,,,,117,0,0,0,1628.19,0,0,0,0
177,20-May-2026,#1408,moxi.patel.ctr@eccouncil.org,PENDING,,,731.7,80.49,0.0,812.19,0.0,812.19,CAD,Sample Company,SAP7A92KX4M1,784592316048,,"Sameer Singh
",1634A,,,,119,0,0,0,812.19,0,0,0,0
178,20-May-2026,#1407,eccouncilwork@gmail.com,PENDING,,,15430.15,771.51,0.0,16201.66,0.0,16201.66,CAD,Moxiiii QA Tax Exe,T2Q6L9M5APRX,436290815743,Academia,,,,,,119,0,0,0,16201.66,0,0,0,0
179,20-May-2026,#1406,eccouncilwork@gmail.com,PENDING,,,15430.15,771.51,0.0,16201.66,0.0,16201.66,CAD,Moxiiii QA Tax Exe,T2Q6L9M5APRX,436290815743,Academia,,,,,,119,0,0,0,16201.66,0,0,0,0
180,19-May-2026,#1402,eccouncilwork@gmail.com,PENDING,,,15421.4,771.07,0.0,16192.47,0.0,16192.47,CAD,Moxiiii QA Tax Exe,T2Q6L9M5APRX,436290815743,Academia,,,,,,120,0,0,0,16192.47,0,0,0,0
181,13-May-2026,#1384,gargeepawarecc@gmail.com,PARTIALLY_PAID,DRM W/ECC EV + iLabs,CSCU,498.93,33.68,0.0,532.61,380.0,152.61,USD,Tata Sonic,SAP2M7L8X4ZW,529801467312,,,,,,,126,0,0,0,0,532.61,0,0,0
182,12-May-2026,#1374,sameer.singh@eccouncil.org,PENDING,,,199.0,13.43,0.0,212.43,0.0,212.43,USD,Tata Sonic,SAP2M7L8X4ZW,529801467312,Reseller,,,,,,127,0,0,0,0,212.43,0,0,0
183,08-May-2026,#1372,gargeepawar@gmail.com,PENDING,DRM W/PU EV + iLabs,CDE,638.0,0.0,0.0,638.0,0.0,638.0,USD,Sample Company,SAP7A92KX4M1,784592316048,,"Sameer Singh
",1634A,,,,131,0,0,0,0,638.0,0,0,0
184,08-May-2026,#1371,gargeepawar@gmail.com,PENDING,,,2199.0,0.0,0.0,2199.0,0.0,2199.0,USD,Sample Company,SAP7A92KX4M1,784592316048,Academia,"Sameer Singh
",1634A,,,,131,0,0,0,0,2199.0,0,0,0
185,08-May-2026,#1370,gargeepawar@gmail.com,PENDING,,,2199.0,0.0,0.0,2199.0,0.0,2199.0,USD,Sample Company,SAP7A92KX4M1,784592316048,,"Sameer Singh
",1634A,,,,131,0,0,0,0,2199.0,0,0,0
186,07-May-2026,#1369,moxi.patel.ctr@eccouncil.org,PENDING,DRM W/PU EV + Lab + Practice range,CPENT,2100.0,0.0,0.0,2100.0,0.0,2100.0,USD,Sample Company,SAP7A92KX4M1,784592316048,ATC,"Hello World
",BANN6645,,,,132,0,0,0,0,2100.0,0,0,0
187,06-May-2026,#1365,moxi.patel.ctr@eccouncil.org,PENDING,CQ iLabs,ISE,559.84,39.18,0.0,599.02,0.0,599.02,USD,Sample Company,SAP7A92KX4M1,784592316048,ATC,,DXTHOCKENS,,,,133,0,0,0,0,599.02,0,0,0
188,06-May-2026,#1364,moxi.patel.ctr@eccouncil.org,PENDING,DRM W/PU EV + iLabs,CDE,20334.3,2440.12,0.0,22774.42,0.0,22774.42,CAD,Sample Company,SAP7A92KX4M1,784592316048,,,USDTAI,,,,133,0,0,0,0,22774.42,0,0,0
189,06-May-2026,#1363,moxi.patel.ctr@eccouncil.org,PENDING,CQ iLabs,CSE,96.98,11.64,0.0,108.62,0.0,108.62,CAD,Sample Company,SAP7A92KX4M1,784592316048,,,USDTAI,,,,133,0,0,0,0,108.62,0,0,0
190,06-May-2026,#1362,moxi.patel.ctr@eccouncil.org,PENDING,DRM,ACCISO,277.08,33.24,0.0,310.32,0.0,310.32,CAD,Sample Company,SAP7A92KX4M1,784592316048,,,USDTAI,,,,133,0,0,0,0,310.32,0,0,0
191,06-May-2026,#1357,moxi.patel.ctr@eccouncil.org,PENDING,DRM,ACCISO,99.98,0.0,0.0,99.98,0.0,99.98,USD,Sample Company,SAP7A92KX4M1,784592316048,ATC,"Hello World
",BANN6645,,,,133,0,0,0,0,99.98,0,0,0
192,05-May-2026,#1356,moxi.patel.ctr@eccouncil.org,PENDING,DRM W/PU EV + iLabs,CDE,687.99,0.0,0.0,687.99,0.0,687.99,USD,Sample Company,SAP7A92KX4M1,784592316048,ATC,"Hello World
",BANN6645,,,,134,0,0,0,0,687.99,0,0,0
193,05-May-2026,#1355,gargeepawar@gmail.com,PARTIALLY_PAID,DRM W/PU EV + iLabs + iVideo,CSCU,11091.0,0.0,0.0,11091.0,10091.0,1000.0,USD,Sample Company,SAP7A92KX4M1,784592316048,Academia,"Sameer Singh
",1634A,,,,134,0,0,0,0,11091.0,0,0,0
194,05-May-2026,#1354,gargeepawarecc@gmail.com,PENDING,,,697.0,48.79,0.0,745.79,0.0,745.79,USD,Tata Sonic,SAP2M7L8X4ZW,529801467312,Academia,"Sameer Singh
",1010,,,,134,0,0,0,0,745.79,0,0,0
195,05-May-2026,#1349,moxi.patel.ctr@eccouncil.org,PARTIALLY_PAID,DRM,ACCISO,111.98,0.72,0.0,112.7,99.98,12.72,USD,Sample Company,SAP7A92KX4M1,784592316048,ATC,"Hello World
",BANN6645,,,,134,0,0,0,0,112.7,0,0,0
196,29-Apr-2026,#1345,kroy.gerber@dropons.com,PENDING,,,1953.06,234.37,0.0,2187.43,0.0,2187.43,CAD,Sample Company,SAP7A92KX4M1,784592316048,,,USDTAI,,,,140,0,0,0,0,2187.43,0,0,0
197,28-Apr-2026,#1344,anandprakash.prasad@eccouncill.org,PENDING,,,199.0,13.93,0.0,212.93,0.0,212.93,USD,Tata Sonic,SAP2M7L8X4ZW,529801467312,Academia,"Sameer Singh
",1010,,,,141,0,0,0,0,212.93,0,0,0
198,28-Apr-2026,#1342,kroy.gerber@dropons.com,PENDING,,,398.0,0.0,0.0,398.0,0.0,398.0,USD,Sample Company,SAP7A92KX4M1,784592316048,ATC,"Hello World
",BANN6645,,,,141,0,0,0,0,398.0,0,0,0
199,28-Apr-2026,#1341,kroy.gerber@dropons.com,PENDING,,,199.0,0.0,0.0,199.0,0.0,199.0,USD,Sample Company,SAP7A92KX4M1,784592316048,ATC,"Hello World
",BANN6645,,,,141,0,0,0,0,199.0,0,0,0
200,27-Apr-2026,#1340,radicalnaksha@gmail.com,PARTIALLY_PAID,DRM W/PU EV + iLabs,CEH,4933.5,31.4,0.0,4964.9,4485.0,479.9,USD,KETAN UNIVERSITY,F3SAP8Q2W7KN,692385741908,ATC,,,,,,142,0,0,0,0,4964.9,0,0,0
201,27-Apr-2026,#1339,radicalnaksha@gmail.com,PARTIALLY_PAID,,,30104.76,2328.4,0.0,32613.16,32534.9,78.26,USD,KETAN UNIVERSITY,F3SAP8Q2W7KN,692385741908,ATC,,,,,,142,0,0,0,0,32613.16,0,0,0
202,27-Apr-2026,#1338,radicalnaksha@gmail.com,PENDING,CQ iLabs,CSE,15398.0,0.0,0.0,15398.0,0.0,15398.0,USD,KETAN UNIVERSITY,F3SAP8Q2W7KN,692385741908,Academia,,,,,,142,0,0,0,0,15398.0,0,0,0
203,22-Apr-2026,#1332,Ketan.thakar@eccouncil.org,PENDING,DRM + iLabs,CEH,704.0,0.0,0.0,704.0,0.0,704.0,USD,Finance Test1,Q8L2SAP91XZT,195837462701,,,,,,,147,0,0,0,0,704.0,0,0,0
204,17-Apr-2026,#1330,eccouncilwork@gmail.com,PARTIALLY_PAID,DRM W/PU EV + Lab + Practice range,CPENT,1647.0,0.0,0.0,1647.0,1000.0,647.0,USD,Sample Company,SAP7A92KX4M1,784592316048,ATC,"Hello World
",BANN6645,,,,152,0,0,0,0,0,1647.0,0,0
205,16-Apr-2026,#1323,merebappu1@gmail.com,PENDING,,,398.0,0.0,0.0,398.0,0.0,398.0,USD,META IT PVT ltd,C8X2Q5SAP7LM,736095214887,,,,,,,153,0,0,0,0,0,398.0,0,0
206,16-Apr-2026,#1322,finance@eccouncil.org,PENDING,DRM W/PU EV + iLabs + iVideo,CSCU,497.0,0.0,0.0,497.0,0.0,497.0,USD,Finance test ketan,M4P8R1K2WQ9A,603918475226,,,,,,,153,0,0,0,0,0,497.0,0,0
207,15-Apr-2026,#1321,gargeepawarecc@gmail.com,PENDING,,,199.0,13.93,0.0,212.93,0.0,212.93,USD,Tata Sonic,SAP2M7L8X4ZW,529801467312,Academia,"Sameer Singh
",1010,,,,154,0,0,0,0,0,212.93,0,0
208,13-Apr-2026,#1320,kamen.ericsson@dropons.com,PARTIALLY_PAID,DRM W/PU EV + iLabs + iVideo,CSCU,447.0,42.47,0.0,489.47,108.4,381.07,USD,Sample Company,SAP7A92KX4M1,784592316048,,,USDTAI,,,,156,0,0,0,0,0,489.47,0,0
209,13-Apr-2026,#1319,kamen.ericsson@dropons.com,PENDING,DRM W/ECC EV + iLabs,CEH,1092.99,76.51,0.0,1169.5,0.0,1169.5,USD,Sample Company,SAP7A92KX4M1,784592316048,ATC,,DXTHOCKENS,,,,156,0,0,0,0,0,1169.5,0,0
210,09-Apr-2026,#1318,kamen.ericsson@dropons.com,PENDING,CQ iLabs,CSE,750.0,52.51,0.0,806.01,0.0,806.01,USD,Sample Company,SAP7A92KX4M1,784592316048,ATC,,DXTHOCKENS,,,,160,0,0,0,0,0,806.01,0,0
211,08-Apr-2026,#1316,anandprakash.prasad@eccouncill.org,PENDING,DRM W/ECC EV + iLabs,CEH,1058.0,66.64,0.0,1124.64,0.0,1124.64,USD,Anand's Company,Y6K2A7T9PXLM,470918632155,,,,,,,161,0,0,0,0,0,1124.64,0,0
212,08-Apr-2026,#1315,anandprakash.prasad@eccouncill.org,PENDING,DRM W/ECC EV + iLabs,CCT,1437.0,100.59,0.0,1537.59,0.0,1537.59,USD,Anand's Company,Y6K2A7T9PXLM,470918632155,,,,,,,161,0,0,0,0,0,1537.59,0,0
213,08-Apr-2026,#1314,anandprakash.prasad@eccouncill.org,PENDING,,,398.0,0.0,0.0,398.0,0.0,398.0,USD,Sample Company,SAP7A92KX4M1,784592316048,ATC,"Hello World
",BANN6645,,,,161,0,0,0,0,0,398.0,0,0
214,07-Apr-2026,#1311,sameer.singh@eccouncil.org,PENDING,,,199.0,17.67,0.0,216.67,0.0,216.67,USD,Tata Sonic,SAP2M7L8X4ZW,529801467312,,,,,,,162,0,0,0,0,0,216.67,0,0
215,07-Apr-2026,#1310,anandprakash.prasad@eccouncill.org,PENDING,,,199.0,0.0,0.0,199.0,0.0,199.0,USD,Sample Company,SAP7A92KX4M1,784592316048,,"Hello World
",BANN6645,,,,162,0,0,0,0,0,199.0,0,0
216,07-Apr-2026,#1309,anandprakash.prasad@eccouncill.org,PENDING,,,199.0,0.0,0.0,199.0,0.0,199.0,USD,Sample Company,SAP7A92KX4M1,784592316048,,"Hello World
",BANN6645,,,,162,0,0,0,0,0,199.0,0,0
217,07-Apr-2026,#1308,sameer.singh@eccouncil.org,PENDING,,,199.0,17.67,0.0,216.67,0.0,216.67,USD,Tata Sonic,SAP2M7L8X4ZW,529801467312,,,,,,,162,0,0,0,0,0,216.67,0,0
218,07-Apr-2026,#1307,sameer.singh@eccouncil.org,PENDING,,,199.0,17.67,0.0,216.67,0.0,216.67,USD,Tata Sonic,SAP2M7L8X4ZW,529801467312,,,,,,,162,0,0,0,0,0,216.67,0,0
219,07-Apr-2026,#1306,sameer.singh@eccouncil.org,PENDING,,,1249.0,110.86,0.0,1359.86,0.0,1359.86,USD,Tata Sonic,SAP2M7L8X4ZW,529801467312,,,,,,,162,0,0,0,0,0,1359.86,0,0
220,07-Apr-2026,#1305,sameer.singh@eccouncil.org,PENDING,DRM W/PU EV + Lab + Practice range,CPENT,1249.0,110.86,0.0,1359.86,0.0,1359.86,USD,Tata Sonic,SAP2M7L8X4ZW,529801467312,,,,,,,162,0,0,0,0,0,1359.86,0,0
221,06-Apr-2026,#1297,kamen.ericsson@dropons.com,PENDING,DRM W/ECC EV + iLabs,CCT,279.0,26.51,0.0,305.51,0.0,305.51,USD,Sample Company,SAP7A92KX4M1,784592316048,,ABC,USDTAI,,,,163,0,0,0,0,0,305.51,0,0
222,06-Apr-2026,#1295,kamen.ericsson@dropons.com,PENDING,DRM W/PU EV + iLabs,CEH,3474.0,330.03,0.0,3804.03,0.0,3804.03,USD,Sample Company,SAP7A92KX4M1,784592316048,,,USDTAI,,,,163,0,0,0,0,0,3804.03,0,0
223,03-Apr-2026,#1289,kamen.ericsson@dropons.com,PARTIALLY_PAID,DRM + iLabs,CEH,500.0,47.5,0.0,547.5,273.75,273.75,USD,Sample Company,SAP7A92KX4M1,784592316048,,,USDTAI,,,,166,0,0,0,0,0,547.5,0,0
224,03-Apr-2026,#1286,kamen.ericsson@dropons.com,PENDING,DRM W/ECC EV + iLabs,CCT,558.0,53.01,0.0,611.01,0.0,611.01,USD,Sample Company,SAP7A92KX4M1,784592316048,,,USDTAI,,,,166,0,0,0,0,0,611.01,0,0
225,03-Apr-2026,#1283,kamen.ericsson@dropons.com,PENDING,DRM W/ECC EV + iLabs,CCT,18693.0,1308.51,0.0,20001.51,0.0,20001.51,USD,Sample Company,SAP7A92KX4M1,784592316048,,,DXTHOCKENS,,,,166,0,0,0,0,0,20001.51,0,0
226,03-Apr-2026,#1282,kamen.ericsson@dropons.com,PENDING,DRM + iLabs,CEH,7500.0,525.0,0.0,8025.0,0.0,8025.0,USD,Sample Company,SAP7A92KX4M1,784592316048,,,DXTHOCKENS,,,,166,0,0,0,0,0,8025.0,0,0
227,02-Apr-2026,#1273,jeremey.jarvin@dropons.com,PENDING,DRM,ACCISO,99.98,0.0,0.0,99.98,0.0,99.98,USD,Sample Company,SAP7A92KX4M1,784592316048,,"Hello World
",BANN6645,,,,167,0,0,0,0,0,99.98,0,0
228,02-Apr-2026,#1272,jeremey.jarvin@dropons.com,PENDING,DRM W/PU EV + iLabs,CEH,1158.0,104.22,0.0,1262.22,0.0,1262.22,USD,Sample Company,SAP7A92KX4M1,784592316048,,"Hello World
",BANN6645,,,,167,0,0,0,0,0,1262.22,0,0
229,01-Apr-2026,#1271,anandprakash.prasad@eccouncill.org,PENDING,DRM W/PU EV + iLabs,CEH,5790.0,405.31,0.0,6195.31,0.0,6195.31,USD,Sample Company,SAP7A92KX4M1,784592316048,,,DXTHOCKENS,,,,168,0,0,0,0,0,6195.31,0,0
230,01-Apr-2026,#1270,sameer.singh@eccouncil.org,PENDING,,,1249.0,110.86,0.0,1359.86,0.0,1359.86,USD,Tata Sonic,SAP2M7L8X4ZW,529801467312,,,,,,,168,0,0,0,0,0,1359.86,0,0
231,01-Apr-2026,#1269,anandprakash.prasad@eccouncill.org,PENDING,DRM W/ECC EV + iLabs,CCT,0.0,0.0,0.0,27.9,0.0,27.9,USD,Sample Company,SAP7A92KX4M1,784592316048,,,DXTHOCKENS,,,,168,0,0,0,0,0,27.9,0,0
232,27-Mar-2026,#1267,anandprakash.prasad@eccouncill.org,PENDING,DRM W/ECC EV + iLabs,CEH,1437.0,114.96,0.0,1551.96,0.0,1551.96,USD,TAX EXAMPT TEST,X9C2N7B5SAP4,842761950314,,"Suraj Mistri
",#0001,,,,173,0,0,0,0,0,1551.96,0,0
233,27-Mar-2026,#1266,gargeepawarecc@gmail.com,PENDING,DRM + iLabs,CCSE,199.0,0.0,0.0,199.0,0.0,199.0,USD,,,,,,,,,,173,0,0,0,0,0,199.0,0,0
234,26-Mar-2026,#1264,kudifedy@forexzig.com,PENDING,DRM W/PU EV + iLabs,CEH,2316.0,0.0,0.0,2316.0,0.0,2316.0,USD,Sandhya Test company finance,SAP5Y8L2N4XC,569132784025,,,,,,,174,0,0,0,0,0,2316.0,0,0
235,26-Mar-2026,#1261,gargeepawarecc@gmail.com,PENDING,Lab,CND,597.0,52.99,0.0,649.99,0.0,649.99,USD,Tata Sonic,SAP2M7L8X4ZW,529801467312,,,,,,,174,0,0,0,0,0,649.99,0,0
236,26-Mar-2026,#1260,gargeepawarecc@gmail.com,PENDING,,,1352.0,120.0,0.0,1472.0,0.0,1472.0,USD,Tata Sonic,SAP2M7L8X4ZW,529801467312,,,,,,,174,0,0,0,0,0,1472.0,0,0
237,26-Mar-2026,#1259,gargeepawarecc@gmail.com,PENDING,,,956.0,84.84,0.0,1040.84,0.0,1040.84,USD,Tata Sonic,SAP2M7L8X4ZW,529801467312,,,,,,,174,0,0,0,0,0,1040.84,0,0
238,25-Mar-2026,#1258,anandprakash.prasad@eccouncill.org,PARTIALLY_PAID,DRM + iLabs,CEH,375.0,33.3,0.0,420.8,408.29,12.51,USD,TAX EXAMPT TEST,X9C2N7B5SAP4,842761950314,,,,,,,175,0,0,0,0,0,420.8,0,0
239,25-Mar-2026,#1256,anandprakash.prasad@eccouncill.org,PARTIALLY_PAID,DRM + iLabs,CEH,375.0,33.3,0.0,408.3,408.29,0.01,USD,TAX EXAMPT TEST,X9C2N7B5SAP4,842761950314,,,,,,,175,0,0,0,0,0,408.3,0,0
240,25-Mar-2026,#1255,anandprakash.prasad@eccouncill.org,PENDING,DRM + iLabs,CEH,250.0,22.2,0.0,272.2,0.0,272.2,USD,TAX EXAMPT TEST,X9C2N7B5SAP4,842761950314,,,,,,,175,0,0,0,0,0,272.2,0,0
241,25-Mar-2026,#1253,anandprakash.prasad@eccouncill.org,PENDING,DRM + iLabs,CEH,250.0,22.2,0.0,272.2,0.0,272.2,USD,TAX EXAMPT TEST,X9C2N7B5SAP4,842761950314,,,,,,,175,0,0,0,0,0,272.2,0,0
242,20-Mar-2026,#1236,jarell.luccas@dropmeon.com,PENDING,DRM + iLabs,CEH,125.0,8.75,0.0,133.75,0.0,133.75,USD,Sample Company,SAP7A92KX4M1,784592316048,,,DXTHOCKENS,,,,180,0,0,0,0,0,133.75,0,0
243,20-Mar-2026,#1235,anandprakash.prasad@eccouncill.org,PENDING,DRM + iLabs,CEH,250.0,22.2,0.0,284.7,0.0,284.7,USD,TAX EXAMPT TEST,X9C2N7B5SAP4,842761950314,,,,,,,180,0,0,0,0,0,284.7,0,0
244,18-Mar-2026,#1228,sameer.singh@eccouncil.org,PENDING,DRM,CND,1919.0,152.57,0.0,2071.57,0.0,2071.57,USD,Tata Sonic,SAP2M7L8X4ZW,529801467312,,,,,,,182,0,0,0,0,0,0,2071.57,0
245,18-Mar-2026,#1226,anandprakash.prasad@eccouncill.org,PENDING,DRM,ACCISO,1296.98,0.0,0.0,1296.98,0.0,1296.98,USD,TAX EXAMPT TEST,X9C2N7B5SAP4,842761950314,,"Suraj Mistri
",#0001,,,,182,0,0,0,0,0,0,1296.98,0
246,18-Mar-2026,#1225,anandprakash.prasad@eccouncill.org,PENDING,iLabs,CDE,1480.0,0.0,0.0,1480.0,0.0,1480.0,USD,TAX EXAMPT TEST,X9C2N7B5SAP4,842761950314,,"Suraj Mistri
",#0001,,,,182,0,0,0,0,0,0,1480.0,0
247,18-Mar-2026,#1223,sameer.singh@eccouncil.org,PENDING,DRM W/PU EV + Lab + Practice range,CPENT,2299.0,204.05,0.0,2503.05,0.0,2503.05,USD,Tata Sonic,SAP2M7L8X4ZW,529801467312,,,,,,,182,0,0,0,0,0,0,2503.05,0
248,18-Mar-2026,#1221,sameer.singh@eccouncil.org,PENDING,DRM W/PU EV + Lab + Practice range,CPENT,2100.0,186.38,0.0,2286.38,0.0,2286.38,USD,Tata Sonic,SAP2M7L8X4ZW,529801467312,,,,,,,182,0,0,0,0,0,0,2286.38,0
249,18-Mar-2026,#1218,sameer.singh@eccouncil.org,PENDING,,,199.0,17.67,0.0,216.67,0.0,216.67,USD,Tata Sonic,SAP2M7L8X4ZW,529801467312,,,,,,,182,0,0,0,0,0,0,216.67,0
250,18-Mar-2026,#1216,sandhyakumari1987@gmail.com,PENDING,ECC EV,CEH,1049.0,66.08,0.0,1115.08,0.0,1115.08,USD,Milton PVT Ltd.,W3M7L9P2AKRX,251749863015,,,,,,,182,0,0,0,0,0,0,1115.08,0
251,18-Mar-2026,#1215,sandhyakumari1987@gmail.com,PENDING,DRM,CHFI,2292.0,144.38,0.0,2436.38,0.0,2436.38,USD,Milton PVT Ltd.,W3M7L9P2AKRX,251749863015,,,,,,,182,0,0,0,0,0,0,2436.38,0
252,18-Mar-2026,#1214,ravivijay0060@gmail.com,PENDING,CQ iLabs,ISE,1133.92,0.0,0.0,1133.92,0.0,1133.92,USD,Sandhya Test company finance,SAP5Y8L2N4XC,569132784025,,,,,,,182,0,0,0,0,0,0,1133.92,0
253,18-Mar-2026,#1213,singhsameer.me@gmail.com,PENDING,DRM W/ECC EV + iLabs,CSCU,85.14,5.96,0.0,91.1,0.0,91.1,USD,Sample Company,SAP7A92KX4M1,784592316048,,,DXTHOCKENS,,,,182,0,0,0,0,0,0,91.1,0
254,18-Mar-2026,#1212,gargee.pawar@eccouncil.org,PENDING,DRM W/PU EV + iLabs,CEH,3474.0,308.32,0.0,3782.32,0.0,3782.32,USD,Test,B4R9N1KX6QPA,184623759540,,,,,,,182,0,0,0,0,0,0,3782.32,0
255,17-Mar-2026,#1210,merebappu1@gmail.com,PENDING,,,3493.0,314.37,0.0,3807.37,0.0,3807.37,USD,META IT PVT ltd,C8X2Q5SAP7LM,736095214887,,,,,,,183,0,0,0,0,0,0,3807.37,0
256,17-Mar-2026,#1209,merebappu1@gmail.com,PENDING,,,3467.0,312.03,0.0,3779.03,0.0,3779.03,USD,META IT PVT ltd,C8X2Q5SAP7LM,736095214887,,,,,,,183,0,0,0,0,0,0,3779.03,0
257,17-Mar-2026,#1208,sandhyakumari1987@gmail.com,PENDING,,,1592.52,207.03,0.0,1799.55,0.0,1799.55,CAD,Milton PVT Ltd.,W3M7L9P2AKRX,251749863015,,,,,,,183,0,0,0,0,0,0,1799.55,0
258,17-Mar-2026,#1207,sandhyakumari1987@gmail.com,PENDING,DRM,CTIA,2196.19,285.51,0.0,2481.7,0.0,2481.7,CAD,Milton PVT Ltd.,W3M7L9P2AKRX,251749863015,,,,,,,183,0,0,0,0,0,0,2481.7,0
259,17-Mar-2026,#1206,sandhyakumari1987@gmail.com,PENDING,iLabs,CEH,3049.99,0.0,0.0,3049.99,0.0,3049.99,USD,Milton PVT Ltd.,W3M7L9P2AKRX,251749863015,,,,,,,183,0,0,0,0,0,0,3049.99,0
260,17-Mar-2026,#1203,eccouncilwork@gmail.com,PENDING,,,199.0,17.91,0.0,216.91,0.0,216.91,USD,Sample Company,SAP7A92KX4M1,784592316048,,"Hello World
",BANN6645,,,,183,0,0,0,0,0,0,216.91,0
261,17-Mar-2026,#1201,eccouncilwork@gmail.com,PENDING,,,1791.0,161.19,0.0,1952.19,0.0,1952.19,USD,Sample Company,SAP7A92KX4M1,784592316048,,"Hello World
",BANN6645,,,,183,0,0,0,0,0,0,1952.19,0
262,17-Mar-2026,#1200,eccouncilwork@gmail.com,PENDING,,,1791.0,161.19,0.0,1952.19,0.0,1952.19,USD,Sample Company,SAP7A92KX4M1,784592316048,,"Hello World
",BANN6645,,,,183,0,0,0,0,0,0,1952.19,0
263,17-Mar-2026,#1199,eccouncilwork@gmail.com,AUTHORIZED,ECC EV,ACCISO,1559.82,72.9,0.0,1632.72,0.0,1432.72,USD,Sample Company,SAP7A92KX4M1,784592316048,,"Hello World
",BANN6645,,,,183,0,0,0,0,0,0,1632.72,0
264,17-Mar-2026,#1198,eccouncilwork@gmail.com,PENDING,,,201400.0,18126.0,0.0,219526.0,0.0,219526.0,USD,Sample Company,SAP7A92KX4M1,784592316048,,"Hello World
",BANN6645,,,,183,0,0,0,0,0,0,219526.0,0
265,16-Mar-2026,#1197,aayushigoyal27071997@gmail.com,PENDING,DRM,ACCISO,3121.96,226.38,0.0,3348.34,0.0,3348.34,USD,Sachin Kumar,L8P3S6V1QX2M,392684175907,,,,,,,184,0,0,0,0,0,0,3348.34,0
266,16-Mar-2026,#1196,ravivijay0060@gmail.com,PENDING,Lab,CHFI,3758.0,272.48,0.0,4030.48,0.0,4030.48,USD,Sandhya Test company finance,SAP5Y8L2N4XC,569132784025,,,,,,,184,0,0,0,0,0,0,4030.48,0
267,13-Mar-2026,#1192,anandprakash.prasad@eccouncill.org,PENDING,DRM + iLabs,CEH,404.0,0.0,0.0,404.0,0.0,404.0,USD,TAX EXAMPT TEST,X9C2N7B5SAP4,842761950314,,"Suraj Mistri
",#0001,,,,187,0,0,0,0,0,0,404.0,0
268,13-Mar-2026,#1191,eccouncilwork@gmail.com,PENDING,,,1194.0,107.46,0.0,1301.46,0.0,1301.46,USD,Sample Company,SAP7A92KX4M1,784592316048,,"Hello World
",BANN6645,,,,187,0,0,0,0,0,0,1301.46,0
269,13-Mar-2026,#1188,eccouncilwork@gmail.com,PENDING,,,1194.0,107.46,0.0,1301.46,0.0,1301.46,USD,Sample Company,SAP7A92KX4M1,784592316048,,"Hello World
",BANN6645,,,,187,0,0,0,0,0,0,1301.46,0
270,13-Mar-2026,#1184,aayushi.goyal@eccouncil.org,PENDING,DRM + iLabs,CEH,375.0,33.75,0.0,408.75,0.0,408.75,USD,Finance Test1,Q8L2SAP91XZT,195837462701,,,,,,,187,0,0,0,0,0,0,408.75,0
271,11-Mar-2026,#1176,mevucepi@forexzig.com,PENDING,DRM W/ECC EV + iLabs,CCT,279.0,0.0,0.0,279.0,0.0,279.0,USD,Test 2,Z1R8SAP6W4TN,958214637180,,,,,,,189,0,0,0,0,0,0,279.0,0
272,10-Mar-2026,#1173,singhsameer.me@gmail.com,PENDING,iLabs,CEH,45.84,3.21,0.0,49.05,0.0,49.05,USD,Sample Company,SAP7A92KX4M1,784592316048,,,DXTHOCKENS,,,,190,0,0,0,0,0,0,49.05,0
273,10-Mar-2026,#1172,singhsameer.me@gmail.com,PENDING,DRM,ACCISO,130.98,9.16,0.0,140.14,0.0,140.14,USD,Sample Company,SAP7A92KX4M1,784592316048,,,DXTHOCKENS,,,,190,0,0,0,0,0,0,140.14,0
274,10-Mar-2026,#1171,singhsameer.me@gmail.com,PENDING,DRM W/ECC EV + iLabs,CSCU,214.83,15.04,0.0,229.87,0.0,229.87,USD,Sample Company,SAP7A92KX4M1,784592316048,,,DXTHOCKENS,,,,190,0,0,0,0,0,0,229.87,0
275,09-Mar-2026,#1168,singhsameer.me@gmail.com,PENDING,DRM,ACCISO,327.45,22.92,0.0,350.37,0.0,350.37,USD,Sample Company,SAP7A92KX4M1,784592316048,,,DXTHOCKENS,,,,191,0,0,0,0,0,0,350.37,0
276,09-Mar-2026,#1166,joncarlo.greysin@dropmeon.com,PENDING,DRM W/ECC EV + iLabs,CSCU,1499.85,104.99,0.0,1604.84,0.0,1604.84,USD,Sample Company,SAP7A92KX4M1,784592316048,,,DXTHOCKENS,,,,191,0,0,0,0,0,0,1604.84,0
277,09-Mar-2026,#1162,gargeepawarecc@gmail.com,PENDING,DRM + iLabs,CEH,125.0,8.75,0.0,133.75,0.0,133.75,USD,Finance Test1,Q8L2SAP91XZT,195837462701,,,,,,,191,0,0,0,0,0,0,133.75,0
278,05-Mar-2026,#1157,singhsameer.me@gmail.com,PENDING,DRM,ACCISO,65.49,0.0,0.0,65.49,0.0,65.49,USD,Sample Company,SAP7A92KX4M1,784592316048,,,DXTHOCKENS,,,,195,0,0,0,0,0,0,65.49,0
279,05-Mar-2026,#1151,watoco@denipl.com,PENDING,DRM + iLabs,CEH,875.0,77.66,0.0,952.66,0.0,952.66,USD,TAX EXAMPT TEST,X9C2N7B5SAP4,842761950314,,"Suraj Mistri
",#0001,,,,195,0,0,0,0,0,0,952.66,0
280,25-Feb-2026,#1143,aditya.gothwad@eccouncil.org,PENDING,DRM W/ECC EV + iLabs,CCT,558.0,0.0,0.0,558.0,0.0,558.0,USD,Sample Company,SAP7A92KX4M1,784592316048,,,DXTHOCKENS,,,,203,0,0,0,0,0,0,558.0,0
281,23-Feb-2026,#1132,eccouncilwork@gmail.com,PARTIALLY_PAID,,,538.2,48.43,0.0,586.63,293.31,293.32,USD,Sample Company,SAP7A92KX4M1,784592316048,,,USDTAI,,,,205,0,0,0,0,0,0,586.63,0
282,20-Feb-2026,#1130,eccouncilwork@gmail.com,PENDING,,,1076.4,96.86,0.0,1173.26,0.0,1173.26,USD,Sample Company,SAP7A92KX4M1,784592316048,,,USDTAI,,,,208,0,0,0,0,0,0,1173.26,0
283,20-Feb-2026,#1129,ketanthakar54@gmail.com,PENDING,DRM W/ECC EV + iLabs,CCT,279.0,19.53,0.0,298.53,0.0,298.53,USD,Finance Test1,Q8L2SAP91XZT,195837462701,,,,,,,208,0,0,0,0,0,0,298.53,0
284,20-Feb-2026,#1128,aayushi.goyal@eccouncil.org,PENDING,iLabs,CCT,275.0,11.25,0.0,286.25,0.0,286.25,USD,Finance Test1,Q8L2SAP91XZT,195837462701,,,,,,,208,0,0,0,0,0,0,286.25,0
285,20-Feb-2026,#1127,aayushi.goyal@eccouncil.org,PENDING,DRM W/PU EV + iLabs + iVideo,CSCU,1316.0,118.44,0.0,1434.44,0.0,1434.44,USD,Finance Test1,Q8L2SAP91XZT,195837462701,,,,,,,208,0,0,0,0,0,0,1434.44,0
286,20-Feb-2026,#1125,eccouncilwork@gmail.com,PENDING,,,1076.4,96.86,0.0,1173.26,0.0,1173.26,USD,Sample Company,SAP7A92KX4M1,784592316048,,,USDTAI,,,,208,0,0,0,0,0,0,1173.26,0
287,19-Feb-2026,#1122,Ketan.thakar@eccouncil.org,PENDING,DRM + iLabs,CCT,228.0,0.0,0.0,228.0,0.0,228.0,USD,Finance Test1,Q8L2SAP91XZT,195837462701,,,,,,,209,0,0,0,0,0,0,228.0,0
288,18-Feb-2026,#1120,eccouncilwork@gmail.com,PENDING,,,398.0,35.82,0.0,433.82,0.0,433.82,USD,Sample Company,SAP7A92KX4M1,784592316048,,"Hello World
",BANN6645,,,,210,0,0,0,0,0,0,433.82,0
289,17-Feb-2026,#1118,Ketan.thakar@eccouncil.org,PENDING,DRM W/PU EV + iLabs,CDE,1496.0,0.0,0.0,1496.0,0.0,1496.0,USD,Finance Test1,Q8L2SAP91XZT,195837462701,,,,,,,211,0,0,0,0,0,0,1496.0,0
290,17-Feb-2026,#1117,Ketan.thakar@eccouncil.org,PENDING,DRM W/ECC EV + iLabs,CEH,2495.0,227.05,0.0,2722.05,0.0,2722.05,USD,Finance Test1,Q8L2SAP91XZT,195837462701,,,,,,,211,0,0,0,0,0,0,2722.05,0
291,17-Feb-2026,#1116,Ketan.thakar@eccouncil.org,PENDING,DRM W/PU EV + iLabs,CDE,2713.0,172.28,0.0,2885.28,0.0,2885.28,USD,Finance Test1,Q8L2SAP91XZT,195837462701,,,,,,,211,0,0,0,0,0,0,2885.28,0
292,17-Feb-2026,#1115,Ketan.thakar@eccouncil.org,PENDING,DRM W/ECC EV + iLabs,CEH,1916.0,121.67,0.0,2037.67,0.0,2037.67,USD,Finance Test1,Q8L2SAP91XZT,195837462701,,,,,,,211,0,0,0,0,0,0,2037.67,0
293,16-Feb-2026,#1109,jaishri.more@eccouncil.org,PENDING,,,299.0,26.91,0.0,325.91,0.0,325.91,USD,Sample Company,SAP7A92KX4M1,784592316048,,,USDTAI,,,,212,0,0,0,0,0,0,325.91,0
294,16-Feb-2026,#1108,eccouncilwork@gmail.com,PENDING,,,478.4,43.04,0.0,521.44,0.0,521.44,USD,Sample Company,SAP7A92KX4M1,784592316048,,"Hello World
",BANN6645,,,,212,0,0,0,0,0,0,521.44,0
295,16-Feb-2026,#1107,eccouncilwork@gmail.com,PENDING,,,478.4,43.04,0.0,521.44,0.0,521.44,USD,Sample Company,SAP7A92KX4M1,784592316048,,"Hello World
",BANN6645,,,,212,0,0,0,0,0,0,521.44,0
296,16-Feb-2026,#1106,eccouncilwork@gmail.com,PENDING,,,478.4,43.04,0.0,521.44,0.0,521.44,USD,Sample Company,SAP7A92KX4M1,784592316048,,"Hello World
",BANN6645,,,,212,0,0,0,0,0,0,521.44,0
297,16-Feb-2026,#1105,eccouncilwork@gmail.com,PENDING,,,478.4,43.04,0.0,521.44,0.0,521.44,USD,Sample Company,SAP7A92KX4M1,784592316048,,,BANN6645,,,,212,0,0,0,0,0,0,521.44,0
298,16-Feb-2026,#1104,eccouncilwork@gmail.com,PARTIALLY_PAID,,,478.4,43.04,0.0,521.44,99.07,422.37,USD,Sample Company,SAP7A92KX4M1,784592316048,,,BANN6645,,,,212,0,0,0,0,0,0,521.44,0
299,16-Feb-2026,#1103,eccouncilwork@gmail.com,PENDING,,,478.4,43.04,0.0,521.44,0.0,521.44,USD,Sample Company,SAP7A92KX4M1,784592316048,,,USDTAI,,,,212,0,0,0,0,0,0,521.44,0
300,16-Feb-2026,#1102,eccouncilwork@gmail.com,PENDING,,,478.4,43.04,0.0,521.44,0.0,521.44,USD,Sample Company,SAP7A92KX4M1,784592316048,,"Compas banner
",BANN6645,,,,212,0,0,0,0,0,0,521.44,0
301,16-Feb-2026,#1101,jaishri.more@eccouncil.org,PENDING,DRM W/ECC EV + iLabs,CCT,279.0,25.11,0.0,304.11,0.0,304.11,USD,Sample Company,SAP7A92KX4M1,784592316048,,"Compas banner
",BANN6645,,,,212,0,0,0,0,0,0,304.11,0
