Report Name,Order Report
Store Name,ecl-b2b.myshopify.com
Generated On,29-Sep-2026 05:08:39 PM
Export Time Range,28-Sep-2026 to 30-Sep-2026

S. No,Order Date,Order Number,Record Type,Return Status,Email ID,Payment Status,Shopify Product ID,SKU Code,Product Code,Product Name,Product Type,Product Category,Qty,List Price,Order Value,Line Item Tax,Discount Value,Subtotal,Tax Value,Shipping Charge,Grand Total,Currency,Partner SAP ID,Partner Cert ID,Partner Name,Partner Type,Billing Address,Billing City,Billing State Name,Billing State,Billing Country Name,Billing Country,Billing Zip Code,Shipping Address,Shipping City,Shipping State Name,Shipping State,Shipping Country Name,Shipping Country,Shipping Zip Code,Sales Rep Name,Sales Rep Emp Code,Payment Terms,Payment Reference,Payment Method,Next Payment Due At,Entity Name,Sales Org Code,Entity,Division Name,Division Code,Profit Center,Comments,Fulfillment Status,Fulfilled At,Discount Code
1,2026-09-28,PS-#1998,SALE,,anandprakash.prasad@eccouncil.org,PARTIALLY_PAID,9152044892334,112390000661537093,CSA0000000206,Certified SOC Analyst (CSA) Version 2 Exam Prep,Prep EV,CSA,1,99.0,99.00,0.00,0.00,198.0,0.0,0.0,198.0,USD,abc,def,ATC - Demo Company,ATC,Florida Aly,Clarksdale,Mississippi,MS,United States,US,38614,Florida Aly,Clarksdale,Mississippi,MS,United States,US,38614,,,Net 7,PS-#1998.1,US (Manual Bank Transfer),2026-09-28,International Council of E-Commerce Consultants Inc,SO16,ICEC,Channel US,017,203,,SUCCESS,2026-09-21T06:31:05Z,
2,2026-09-28,PS-#1998,SALE,,anandprakash.prasad@eccouncil.org,PARTIALLY_PAID,9152045154478,112390000661537120,ECDE000000206,EC-Council Certified DevSecOps Engineer (ECDE) Version 2 Exam Prep,Prep EV,CDE,1,99.0,99.00,0.00,0.00,198.0,0.0,0.0,198.0,USD,abc,def,ATC - Demo Company,ATC,Florida Aly,Clarksdale,Mississippi,MS,United States,US,38614,Florida Aly,Clarksdale,Mississippi,MS,United States,US,38614,,,Net 7,PS-#1998.1,US (Manual Bank Transfer),2026-09-28,International Council of E-Commerce Consultants Inc,SO16,ICEC,Channel US,017,203,,SUCCESS,2026-09-21T06:31:05Z,
3,2026-09-28,PS-#2000,SALE,,sameer.singh@eccouncil.org,PENDING,8885795291310,01tVy00000wQ1csIAC,CEH000001131807,Certified Ethical Hacker (CEH) Version 13 Elite with Exam Voucher (RPS),DRM W/PU EV + Lab + Prep EV + ECC EV - Practical,CEH,1,960.0,960.00,76.80,0.00,960.0,76.8,0.0,1036.8,USD,abc,def,ATC - Demo Company,ATC,NY 2,Cropseyville,New York,NY,United States,US,12052,NY 2,Cropseyville,New York,NY,United States,US,12052,,,,rFAMwy9JtEzwdNMrF9ORXQNzC,US (Manual Bank Transfer),,International Council of E-Commerce Consultants Inc,SO16,ICEC,Channel US,017,203, .,UNFULFILLED,,
4,2026-09-28,PS-#2001,SALE,,sameer.singh@eccouncil.org,PENDING,8885795291310,01tVy00000wQ1csIAC,CEH000001131807,Certified Ethical Hacker (CEH) Version 13 Elite with Exam Voucher (RPS),DRM W/PU EV + Lab + Prep EV + ECC EV - Practical,CEH,1,960.0,960.00,76.80,0.00,960.0,76.8,0.0,1036.8,USD,abc,def,ATC - Demo Company,ATC,NY 2,Cropseyville,New York,NY,United States,US,12052,NY 2,Cropseyville,New York,NY,United States,US,12052,,,Net 7,,,2026-10-05,International Council of E-Commerce Consultants Inc,SO16,ICEC,Channel US,017,203,..,SUCCESS,2026-09-28T08:44:57Z,
5,2026-09-28,PS-#2002,SALE,,sameer.singh@eccouncil.org,PENDING,8885795291310,01tVy00000wQ1csIAC,CEH000001131807,Certified Ethical Hacker (CEH) Version 13 Elite with Exam Voucher (RPS),DRM W/PU EV + Lab + Prep EV + ECC EV - Practical,CEH,1,960.0,960.00,76.80,0.00,960.0,76.8,0.0,1036.8,USD,abc,def,ATC - Demo Company,ATC,NY 2,Cropseyville,New York,NY,United States,US,12052,NY 2,Cropseyville,New York,NY,United States,US,12052,,,Net 7,,,2026-10-05,International Council of E-Commerce Consultants Inc,SO16,ICEC,Channel US,017,203,...,SUCCESS,2026-09-28T08:52:57Z,
6,2026-09-29,PS-#2003,SALE,,anandprakash.prasad@eccouncil.org,PENDING,9139506282670,112390000655639408,CCSE000010261,"Certified Cloud Security Engineer (CCSE) Version 2 - Includes 1 Year Access To Videos, eBook And 6 Months Labs Access",iLearn W/O ECC EV,CCSE,1,1699.0,1529.10,0.00,169.90,3597.3,0.0,0.0,3597.3,USD,abc,def,ATC - Demo Company,Resellers,Tippah Lake,TIPPAH,Mississippi,MS,United States,US,38603,Tippah Lake,TIPPAH,Mississippi,MS,United States,US,38603,"Sandhya kumari
",ECC00001,Net 7,,,2026-10-06,International Council of E-Commerce Consultants Inc,SO16,ICEC,Direct US,015,202,,UNFULFILLED,,10%FF
7,2026-09-29,PS-#2003,SALE,,anandprakash.prasad@eccouncil.org,PENDING,9139506315438,112390000493342069,CCT0000010161,"Certified Cybersecurity Technician (CCT) Version 1 - Includes 1 Year Access To Videos, eBook And 6 Months Labs Access",iLearn W/O ECC EV,CCT,1,599.0,539.10,0.00,59.90,3597.3,0.0,0.0,3597.3,USD,abc,def,ATC - Demo Company,Resellers,Tippah Lake,TIPPAH,Mississippi,MS,United States,US,38603,Tippah Lake,TIPPAH,Mississippi,MS,United States,US,38603,"Sandhya kumari
",ECC00001,Net 7,,,2026-10-06,International Council of E-Commerce Consultants Inc,SO16,ICEC,Direct US,015,202,,UNFULFILLED,,10%FF
8,2026-09-29,PS-#2003,SALE,,anandprakash.prasad@eccouncil.org,PENDING,9139506380974,112390000493342078,CHFI000011161,"Computer Hacking Forensic Investigator (CHFI) Version 11 - Includes 1 Year Access To Videos, eBook And 6 Months Labs Access",iLearn W/O ECC EV,CHFI,1,1699.0,1529.10,0.00,169.90,3597.3,0.0,0.0,3597.3,USD,abc,def,ATC - Demo Company,Resellers,Tippah Lake,TIPPAH,Mississippi,MS,United States,US,38603,Tippah Lake,TIPPAH,Mississippi,MS,United States,US,38603,"Sandhya kumari
",ECC00001,Net 7,,,2026-10-06,International Council of E-Commerce Consultants Inc,SO16,ICEC,Direct US,015,202,,UNFULFILLED,,10%FF
9,2026-09-29,PS-#2004,SALE,,anandprakash.prasad@eccouncil.org,PENDING,9152464224430,01tVy00000wQ1MSIA0,CCISO0001032204,Certified Chief Information Security Officer (CCISO) Version 3 eBook with Exam Voucher,DRM W/ECC EV,CCISO,1,692.61,623.35,56.09,69.26,693.96,62.46,0.0,756.42,USD,abc,def,ATC - Demo Company,ATC,4565 Gaynor Avenue,North Charleston,South Carolina,SC,United States,US,29405,4565 Gaynor Avenue,North Charleston,South Carolina,SC,United States,US,29405,,ERHPM,Net 7,,,2026-10-06,International Council of E-Commerce Consultants Inc,SO16,ICEC,Channel US,017,203,,UNFULFILLED,,10%FF
10,2026-09-29,PS-#2004,SALE,,anandprakash.prasad@eccouncil.org,PENDING,9152045383854,01tVy00000wQ1b9IAC,NDE00000101964111,"Network Defense Essentials (NDE) Version 1 eBook with Exam Voucher, Exam Prep & Lab",DRM W/ECC EV + Lab + Prep EV,NDE,1,78.45,70.61,6.37,7.84,693.96,62.46,0.0,756.42,USD,abc,def,ATC - Demo Company,ATC,4565 Gaynor Avenue,North Charleston,South Carolina,SC,United States,US,29405,4565 Gaynor Avenue,North Charleston,South Carolina,SC,United States,US,29405,,ERHPM,Net 7,,,2026-10-06,International Council of E-Commerce Consultants Inc,SO16,ICEC,Channel US,017,203,,UNFULFILLED,,10%FF
11,2026-09-29,PS-#2005,SALE,,anandprakash.prasad@eccouncil.org,PENDING,9152045383854,01tVy00000wQ1b9IAC,NDE00000101964111,"Network Defense Essentials (NDE) Version 1 eBook with Exam Voucher, Exam Prep & Lab",DRM W/ECC EV + Lab + Prep EV,NDE,2,78.41,141.14,12.71,15.68,764.22,68.78,0.0,833.0,USD,abc,def,ATC - Demo Company,ATC,4565 Gaynor Avenue,North Charleston,South Carolina,SC,United States,US,29405,4565 Gaynor Avenue,North Charleston,South Carolina,SC,United States,US,29405,,ERHPM,Net 7,,,2026-10-06,International Council of E-Commerce Consultants Inc,SO16,ICEC,Channel US,017,203,,UNFULFILLED,,10%FF
12,2026-09-29,PS-#2005,SALE,,anandprakash.prasad@eccouncil.org,PENDING,9152464224430,01tVy00000wQ1MSIA0,CCISO0001032204,Certified Chief Information Security Officer (CCISO) Version 3 eBook with Exam Voucher,DRM W/ECC EV,CCISO,1,692.31,623.08,56.07,69.23,764.22,68.78,0.0,833.0,USD,abc,def,ATC - Demo Company,ATC,4565 Gaynor Avenue,North Charleston,South Carolina,SC,United States,US,29405,4565 Gaynor Avenue,North Charleston,South Carolina,SC,United States,US,29405,,ERHPM,Net 7,,,2026-10-06,International Council of E-Commerce Consultants Inc,SO16,ICEC,Channel US,017,203,,UNFULFILLED,,10%FF
13,2026-09-29,PS-#2006,SALE,,anandprakash.prasad@eccouncil.org,PENDING,9152464224430,01tVy00000wQ1MSIA0,CCISO0001032204,Certified Chief Information Security Officer (CCISO) Version 3 eBook with Exam Voucher,DRM W/ECC EV,CCISO,1,692.16,622.95,56.08,69.21,764.07,68.77,0.0,832.84,USD,abc,def,ATC - Demo Company,ATC,4565 Gaynor Avenue,North Charleston,South Carolina,SC,United States,US,29405,4565 Gaynor Avenue,North Charleston,South Carolina,SC,United States,US,29405,,ERHPM,Net 7,,,2026-10-06,International Council of E-Commerce Consultants Inc,SO16,ICEC,Channel US,017,203,,UNFULFILLED,,10%FF
14,2026-09-29,PS-#2006,SALE,,anandprakash.prasad@eccouncil.org,PENDING,9152045383854,01tVy00000wQ1b9IAC,NDE00000101964111,"Network Defense Essentials (NDE) Version 1 eBook with Exam Voucher, Exam Prep & Lab",DRM W/ECC EV + Lab + Prep EV,NDE,2,78.4,141.12,12.69,15.68,764.07,68.77,0.0,832.84,USD,abc,def,ATC - Demo Company,ATC,4565 Gaynor Avenue,North Charleston,South Carolina,SC,United States,US,29405,4565 Gaynor Avenue,North Charleston,South Carolina,SC,United States,US,29405,,ERHPM,Net 7,,,2026-10-06,International Council of E-Commerce Consultants Inc,SO16,ICEC,Channel US,017,203,,UNFULFILLED,,10%FF
15,2026-09-29,PS-#2007,SALE,,anandprakash.prasad@eccouncil.org,PENDING,9152044859566,01tVy00000wQ1cHIAS,CRAGE0000010407,Certified Responsible AI Governance & Ethics Professional (C-RAGE) Version 1 Exam Voucher (RPS),PU EV,CRAGE,1,231.78,208.61,18.79,23.17,374.1,33.67,0.0,407.77,USD,abc,def,ATC - Demo Company,ATC,4565 Gaynor Avenue,North Charleston,South Carolina,SC,United States,US,29405,4565 Gaynor Avenue,North Charleston,South Carolina,SC,United States,US,29405,,ERHPM,Net 7,,,2026-10-06,International Council of E-Commerce Consultants Inc,SO16,ICEC,Channel US,017,203,,SUCCESS,2026-09-29T11:29:53Z,10%FF
16,2026-09-29,PS-#2007,SALE,,anandprakash.prasad@eccouncil.org,PENDING,8871234535598,01tVy00000wQ1MEIA0,CEH0000001305,Certified Ethical Hacker (CEH) Version 13 Lab,Lab,CEH,1,183.87,165.49,14.88,18.38,374.1,33.67,0.0,407.77,USD,abc,def,ATC - Demo Company,ATC,4565 Gaynor Avenue,North Charleston,South Carolina,SC,United States,US,29405,4565 Gaynor Avenue,North Charleston,South Carolina,SC,United States,US,29405,,ERHPM,Net 7,,,2026-10-06,International Council of E-Commerce Consultants Inc,SO16,ICEC,Channel US,017,203,,SUCCESS,2026-09-29T11:29:53Z,10%FF
