Report Name,Payment Report
Store Name,b2b-uat.myshopify.com
Generated On,17-Sep-2026 05:12:25 PM
Export Time Range,01-Jun-2026 to 17-Sep-2026

S. No.,Payment Date,Payment Transaction ID,Payment Method,Invoice Amount,Payment Received Amount,Currency,Original Invoice Number,Transaction Type,Payment Status,Partner SAP ID,Partner Cert ID,Partner Name,Partner Country
1,16-09-2026,PST-#1840.1,US (Manual Bank Transfer),3961.97,1961.97,USD,PST-#1840,PAYMENT,PARTIALLY_PAID,470918632155,Y6K2A7T9PXLM,Anand's Company,United States
2,15-09-2026,zlTv3jTqxlsdBuTK13198BaEl,shopify_payments,7148.90,-2433.37,USD,PST-#1839,REFUND,PARTIALLY_REFUNDED,753914268180,R8SAP1L4X2QM,Dell,United States
3,15-09-2026,rSLOH4z4aFYy79556lzuHjjCa,shopify_payments,7148.90,6844.72,USD,PST-#1839,PAYMENT,PARTIALLY_REFUNDED,753914268180,R8SAP1L4X2QM,Dell,United States
4,11-09-2026,PST-#1838.2,manual,3920.91,-777.16,CAD,PST-#1838,REFUND,PARTIALLY_REFUNDED,491726835607,P6Q9M2K7AXTW,Order Cap Test,Canada
5,11-09-2026,PST-#1838.1,manual,3920.91,3920.91,CAD,PST-#1838,PAYMENT,PARTIALLY_REFUNDED,491726835607,P6Q9M2K7AXTW,Order Cap Test,Canada
6,11-09-2026,PST-#1837.2,manual,3920.91,-777.16,CAD,PST-#1837,REFUND,PARTIALLY_REFUNDED,491726835607,P6Q9M2K7AXTW,Order Cap Test,Canada
7,11-09-2026,PST-#1837.1,manual,3920.91,3920.91,CAD,PST-#1837,PAYMENT,PARTIALLY_REFUNDED,491726835607,P6Q9M2K7AXTW,Order Cap Test,Canada
8,11-09-2026,PST-#1836.4,manual,3920.91,-280.52,CAD,PST-#1836,REFUND,PARTIALLY_REFUNDED,491726835607,P6Q9M2K7AXTW,Order Cap Test,Canada
9,11-09-2026,PST-#1836.3,manual,3920.91,-280.52,CAD,PST-#1836,REFUND,PARTIALLY_REFUNDED,491726835607,P6Q9M2K7AXTW,Order Cap Test,Canada
10,11-09-2026,PST-#1836.2,manual,3920.91,-777.16,CAD,PST-#1836,REFUND,PARTIALLY_REFUNDED,491726835607,P6Q9M2K7AXTW,Order Cap Test,Canada
11,11-09-2026,PST-#1836.1,manual,3920.91,3920.91,CAD,PST-#1836,PAYMENT,PARTIALLY_REFUNDED,491726835607,P6Q9M2K7AXTW,Order Cap Test,Canada
12,11-09-2026,PST-#1835.1,manual,3920.91,3920.91,CAD,PST-#1835,PAYMENT,PAID,491726835607,P6Q9M2K7AXTW,Order Cap Test,Canada
13,10-09-2026,PST-#1832.2,Canada (Manual Bank Transfer),7841.81,-1580.76,CAD,PST-#1832,REFUND,PARTIALLY_REFUNDED,491726835607,P6Q9M2K7AXTW,Order Cap Test,Canada
14,10-09-2026,PST-#1832.1,Canada (Manual Bank Transfer),7841.81,7841.81,CAD,PST-#1832,PAYMENT,PARTIALLY_REFUNDED,491726835607,P6Q9M2K7AXTW,Order Cap Test,Canada
15,10-09-2026,PST-#1831.2,manual,2452.41,-93.01,USD,PST-#1831,REFUND,PARTIALLY_REFUNDED,491726835607,P6Q9M2K7AXTW,Order Cap Test,United States
16,10-09-2026,PST-#1831.1,manual,2452.41,2452.41,USD,PST-#1831,PAYMENT,PARTIALLY_REFUNDED,491726835607,P6Q9M2K7AXTW,Order Cap Test,United States
17,10-09-2026,PST-#1828.2,US (Manual Bank Transfer),2452.41,-89.10,USD,PST-#1828,REFUND,PARTIALLY_REFUNDED,491726835607,P6Q9M2K7AXTW,Order Cap Test,United States
18,10-09-2026,PST-#1828.1,US (Manual Bank Transfer),2452.41,2452.41,USD,PST-#1828,PAYMENT,PARTIALLY_REFUNDED,491726835607,P6Q9M2K7AXTW,Order Cap Test,United States
19,10-09-2026,PST-#1827.2,US (Manual Bank Transfer),2452.41,-93.01,USD,PST-#1827,REFUND,PARTIALLY_REFUNDED,491726835607,P6Q9M2K7AXTW,Order Cap Test,United States
20,10-09-2026,PST-#1827.1,US (Manual Bank Transfer),2452.41,2452.41,USD,PST-#1827,PAYMENT,PARTIALLY_REFUNDED,491726835607,P6Q9M2K7AXTW,Order Cap Test,United States
21,10-09-2026,rQvAEHOGEII0aqK5AsvqqsQvn,shopify_payments,2452.41,2452.41,USD,PST-#1824,PAYMENT,PAID,491726835607,P6Q9M2K7AXTW,Order Cap Test,United States
22,02-09-2026,#1820-PS.1,US (Manual Bank Transfer),386.05,-108.02,USD,#1820-PS,REFUND,PARTIALLY_REFUNDED,529801467312,SAP2M7L8X4ZW,Tata Sonic,United States
23,02-09-2026,rsfnEHAgZmKe0wIMvo9kPIUOT,US (Manual Bank Transfer),386.05,386.05,USD,#1820-PS,PAYMENT,PARTIALLY_REFUNDED,529801467312,SAP2M7L8X4ZW,Tata Sonic,United States
24,02-09-2026,#1819-PS.1,US (Manual Bank Transfer),386.05,-98.12,USD,#1819-PS,REFUND,PARTIALLY_REFUNDED,529801467312,SAP2M7L8X4ZW,Tata Sonic,United States
25,02-09-2026,rzSsztyelXllkowh0xEcJriPW,US (Manual Bank Transfer),386.05,386.05,USD,#1819-PS,PAYMENT,PARTIALLY_REFUNDED,529801467312,SAP2M7L8X4ZW,Tata Sonic,United States
26,02-09-2026,#1818-PS.2,US (Manual Bank Transfer),386.05,-98.09,USD,#1818-PS,REFUND,PARTIALLY_REFUNDED,529801467312,SAP2M7L8X4ZW,Tata Sonic,United States
27,02-09-2026,#1818-PS.1,US (Manual Bank Transfer),386.05,386.05,USD,#1818-PS,PAYMENT,PARTIALLY_REFUNDED,529801467312,SAP2M7L8X4ZW,Tata Sonic,United States
28,02-09-2026,#1817-PS.2,US (Manual Bank Transfer),386.05,-97.21,USD,#1817-PS,REFUND,PARTIALLY_REFUNDED,529801467312,SAP2M7L8X4ZW,Tata Sonic,United States
29,02-09-2026,#1817-PS.1,US (Manual Bank Transfer),386.05,386.05,USD,#1817-PS,PAYMENT,PARTIALLY_REFUNDED,529801467312,SAP2M7L8X4ZW,Tata Sonic,United States
30,02-09-2026,#1814-PS.2,manual,2499.00,-2261.00,USD,#1814-PS,REFUND,PARTIALLY_REFUNDED,529801467312,SAP2M7L8X4ZW,Tata Sonic,United States
31,02-09-2026,#1815-PS.2,US (Manual Bank Transfer),518.37,-466.53,USD,#1815-PS,REFUND,PARTIALLY_REFUNDED,529801467312,SAP2M7L8X4ZW,Tata Sonic,United States
32,02-09-2026,#1815-PS.1,US (Manual Bank Transfer),518.37,518.37,USD,#1815-PS,PAYMENT,PARTIALLY_REFUNDED,529801467312,SAP2M7L8X4ZW,Tata Sonic,United States
33,02-09-2026,#1814-PS.1,manual,2499.00,2499.00,USD,#1814-PS,PAYMENT,PARTIALLY_REFUNDED,529801467312,SAP2M7L8X4ZW,Tata Sonic,United States
34,27-08-2026,zqWEgGGlPMD137rh80g2I3zI5,shopify_payments,2551.42,-3.91,USD,#1812,REFUND,PARTIALLY_REFUNDED,491726835607,P6Q9M2K7AXTW,Order Cap Test,United States
35,27-08-2026,rfYOpz5UxHDVh8ZS8aH8B8Ig3,shopify_payments,2551.42,2250.51,USD,#1812,PAYMENT,PARTIALLY_REFUNDED,491726835607,P6Q9M2K7AXTW,Order Cap Test,United States
36,26-08-2026,#1811.2,manual,7720.28,-1468.84,CAD,#1811,REFUND,PARTIALLY_REFUNDED,491726835607,P6Q9M2K7AXTW,Order Cap Test,Canada
37,26-08-2026,#1811.1,manual,7720.28,7720.28,CAD,#1811,PAYMENT,PARTIALLY_REFUNDED,491726835607,P6Q9M2K7AXTW,Order Cap Test,Canada
38,26-08-2026,#1810.2,manual,7720.28,-1203.03,CAD,#1810,REFUND,PARTIALLY_REFUNDED,491726835607,P6Q9M2K7AXTW,Order Cap Test,Canada
39,26-08-2026,#1810.1,manual,7720.28,7720.28,CAD,#1810,PAYMENT,PARTIALLY_REFUNDED,491726835607,P6Q9M2K7AXTW,Order Cap Test,Canada
40,26-08-2026,#1809.4,manual,7720.28,-2685.86,CAD,#1809,REFUND,PARTIALLY_REFUNDED,491726835607,P6Q9M2K7AXTW,Order Cap Test,Canada
41,26-08-2026,#1809.3,manual,7720.28,-1203.03,CAD,#1809,REFUND,PARTIALLY_REFUNDED,491726835607,P6Q9M2K7AXTW,Order Cap Test,Canada
42,26-08-2026,#1809.2,manual,7720.28,-1468.84,CAD,#1809,REFUND,PARTIALLY_REFUNDED,491726835607,P6Q9M2K7AXTW,Order Cap Test,Canada
43,26-08-2026,#1809.1,manual,7720.28,7720.28,CAD,#1809,PAYMENT,PARTIALLY_REFUNDED,491726835607,P6Q9M2K7AXTW,Order Cap Test,Canada
44,26-08-2026,#1805.3,manual,67.52,-19.89,USD,#1805,REFUND,PARTIALLY_REFUNDED,491726835607,P6Q9M2K7AXTW,Order Cap Test,United States
45,26-08-2026,#1808.3,Canada (Manual Bank Transfer),7720.28,-1203.03,CAD,#1808,REFUND,PARTIALLY_REFUNDED,491726835607,P6Q9M2K7AXTW,Order Cap Test,Canada
46,26-08-2026,#1808.2,Canada (Manual Bank Transfer),7720.28,-1203.03,CAD,#1808,REFUND,PARTIALLY_REFUNDED,491726835607,P6Q9M2K7AXTW,Order Cap Test,Canada
47,26-08-2026,#1808.1,Canada (Manual Bank Transfer),7720.28,7720.28,CAD,#1808,PAYMENT,PARTIALLY_REFUNDED,491726835607,P6Q9M2K7AXTW,Order Cap Test,Canada
48,26-08-2026,#1807.2,manual,7720.28,-1554.32,CAD,#1807,REFUND,PARTIALLY_REFUNDED,491726835607,P6Q9M2K7AXTW,Order Cap Test,Canada
49,26-08-2026,#1807.1,manual,7720.28,7720.28,CAD,#1807,PAYMENT,PARTIALLY_REFUNDED,491726835607,P6Q9M2K7AXTW,Order Cap Test,Canada
50,26-08-2026,#1806.3,manual,7720.28,-1554.32,CAD,#1806,REFUND,PARTIALLY_REFUNDED,491726835607,P6Q9M2K7AXTW,Order Cap Test,Canada
51,26-08-2026,#1806.2,manual,7720.28,-1273.06,CAD,#1806,REFUND,PARTIALLY_REFUNDED,491726835607,P6Q9M2K7AXTW,Order Cap Test,Canada
52,26-08-2026,#1806.1,manual,7720.28,7720.28,CAD,#1806,PAYMENT,PARTIALLY_REFUNDED,491726835607,P6Q9M2K7AXTW,Order Cap Test,Canada
53,25-08-2026,#1805.2,shopify_store_credit,67.52,-3.10,USD,#1805,REFUND,PARTIALLY_REFUNDED,491726835607,P6Q9M2K7AXTW,Order Cap Test,United States
54,25-08-2026,#1805.1,manual,67.52,67.52,USD,#1805,PAYMENT,PARTIALLY_REFUNDED,491726835607,P6Q9M2K7AXTW,Order Cap Test,United States
55,25-08-2026,#1804.2,shopify_store_credit,7720.28,-1468.84,CAD,#1804,REFUND,PARTIALLY_REFUNDED,491726835607,P6Q9M2K7AXTW,Order Cap Test,Canada
56,25-08-2026,#1804.1,manual,7720.28,7720.28,CAD,#1804,PAYMENT,PARTIALLY_REFUNDED,491726835607,P6Q9M2K7AXTW,Order Cap Test,Canada
57,25-08-2026,#1803.2,manual,7720.28,-1273.06,CAD,#1803,REFUND,PARTIALLY_REFUNDED,491726835607,P6Q9M2K7AXTW,Order Cap Test,Canada
58,25-08-2026,#1803.1,manual,7720.28,7720.28,CAD,#1803,PAYMENT,PARTIALLY_REFUNDED,491726835607,P6Q9M2K7AXTW,Order Cap Test,Canada
59,25-08-2026,#1802.2,shopify_store_credit,7720.28,-1203.03,CAD,#1802,REFUND,PARTIALLY_REFUNDED,491726835607,P6Q9M2K7AXTW,Order Cap Test,Canada
60,25-08-2026,#1802.1,manual,7720.28,7720.28,CAD,#1802,PAYMENT,PARTIALLY_REFUNDED,491726835607,P6Q9M2K7AXTW,Order Cap Test,Canada
61,25-08-2026,#1800.2,Canada (Manual Bank Transfer),7720.28,-1468.84,CAD,#1800,REFUND,PARTIALLY_REFUNDED,491726835607,P6Q9M2K7AXTW,Order Cap Test,Canada
62,25-08-2026,#1800.1,Canada (Manual Bank Transfer),7720.28,7720.28,CAD,#1800,PAYMENT,PARTIALLY_REFUNDED,491726835607,P6Q9M2K7AXTW,Order Cap Test,Canada
63,25-08-2026,#1799.3,Canada (Manual Bank Transfer),7720.28,-1554.32,CAD,#1799,REFUND,PARTIALLY_REFUNDED,491726835607,P6Q9M2K7AXTW,Order Cap Test,Canada
64,25-08-2026,#1799.2,Canada (Manual Bank Transfer),7720.28,-1203.03,CAD,#1799,REFUND,PARTIALLY_REFUNDED,491726835607,P6Q9M2K7AXTW,Order Cap Test,Canada
65,25-08-2026,#1799.1,Canada (Manual Bank Transfer),7720.28,7720.28,CAD,#1799,PAYMENT,PARTIALLY_REFUNDED,491726835607,P6Q9M2K7AXTW,Order Cap Test,Canada
66,25-08-2026,#1784.5,shopify_store_credit,10115.49,-1421.09,CAD,#1784,REFUND,PARTIALLY_REFUNDED,491726835607,P6Q9M2K7AXTW,Order Cap Test,Canada
67,25-08-2026,#1784.4,shopify_store_credit,10115.49,-77.72,CAD,#1784,REFUND,PARTIALLY_REFUNDED,491726835607,P6Q9M2K7AXTW,Order Cap Test,Canada
68,25-08-2026,#1784.3,shopify_store_credit,10115.49,-1554.32,CAD,#1784,REFUND,PARTIALLY_REFUNDED,491726835607,P6Q9M2K7AXTW,Order Cap Test,Canada
69,25-08-2026,#1784.2,Canada (Manual Bank Transfer),10115.49,-1273.06,CAD,#1784,REFUND,PARTIALLY_REFUNDED,491726835607,P6Q9M2K7AXTW,Order Cap Test,Canada
70,25-08-2026,#1784.1,Canada (Manual Bank Transfer),10115.49,10115.49,CAD,#1784,PAYMENT,PARTIALLY_REFUNDED,491726835607,P6Q9M2K7AXTW,Order Cap Test,Canada
71,25-08-2026,#1796.2,manual,7720.28,-1273.06,CAD,#1796,REFUND,PARTIALLY_REFUNDED,491726835607,P6Q9M2K7AXTW,Order Cap Test,Canada
72,25-08-2026,#1796.1,manual,7720.28,7720.28,CAD,#1796,PAYMENT,PARTIALLY_REFUNDED,491726835607,P6Q9M2K7AXTW,Order Cap Test,Canada
73,25-08-2026,#1797.1,manual,2250.51,2250.51,USD,#1797,PAYMENT,PAID,491726835607,P6Q9M2K7AXTW,Order Cap Test,United States
74,25-08-2026,#1798.3,manual,7720.28,-1273.06,CAD,#1798,REFUND,PARTIALLY_REFUNDED,491726835607,P6Q9M2K7AXTW,Order Cap Test,Canada
75,25-08-2026,#1798.2,manual,7720.28,-1554.32,CAD,#1798,REFUND,PARTIALLY_REFUNDED,491726835607,P6Q9M2K7AXTW,Order Cap Test,Canada
76,25-08-2026,#1798.1,manual,7720.28,7720.28,CAD,#1798,PAYMENT,PARTIALLY_REFUNDED,491726835607,P6Q9M2K7AXTW,Order Cap Test,Canada
77,25-08-2026,#1787.2,manual,10115.49,-1468.84,CAD,#1787,REFUND,PARTIALLY_REFUNDED,491726835607,P6Q9M2K7AXTW,Order Cap Test,Canada
78,25-08-2026,#1787.1,manual,10115.49,10115.49,CAD,#1787,PAYMENT,PARTIALLY_REFUNDED,491726835607,P6Q9M2K7AXTW,Order Cap Test,Canada
79,25-08-2026,#1785.2,US (Manual Bank Transfer),7841.81,-1554.32,CAD,#1785,REFUND,PARTIALLY_REFUNDED,491726835607,P6Q9M2K7AXTW,Order Cap Test,Canada
80,25-08-2026,#1785.1,US (Manual Bank Transfer),7841.81,7841.81,CAD,#1785,PAYMENT,PARTIALLY_REFUNDED,491726835607,P6Q9M2K7AXTW,Order Cap Test,Canada
81,25-08-2026,#1786.2,manual,10115.49,-1554.32,CAD,#1786,REFUND,PARTIALLY_REFUNDED,491726835607,P6Q9M2K7AXTW,Order Cap Test,Canada
82,25-08-2026,#1786.1,manual,10115.49,10115.49,CAD,#1786,PAYMENT,PARTIALLY_REFUNDED,491726835607,P6Q9M2K7AXTW,Order Cap Test,Canada
83,25-08-2026,#1782.3,manual,10115.49,-1554.32,CAD,#1782,REFUND,PARTIALLY_REFUNDED,491726835607,P6Q9M2K7AXTW,Order Cap Test,Canada
84,25-08-2026,#1783.3,manual,10115.49,-1273.06,CAD,#1783,REFUND,PARTIALLY_REFUNDED,491726835607,P6Q9M2K7AXTW,Order Cap Test,Canada
85,25-08-2026,#1783.2,manual,10115.49,-1468.84,CAD,#1783,REFUND,PARTIALLY_REFUNDED,491726835607,P6Q9M2K7AXTW,Order Cap Test,Canada
86,25-08-2026,#1783.1,manual,10115.49,10115.49,CAD,#1783,PAYMENT,PARTIALLY_REFUNDED,491726835607,P6Q9M2K7AXTW,Order Cap Test,Canada
87,25-08-2026,#1782.2,manual,10115.49,-1203.03,CAD,#1782,REFUND,PARTIALLY_REFUNDED,491726835607,P6Q9M2K7AXTW,Order Cap Test,Canada
88,25-08-2026,#1782.1,manual,10115.49,10115.49,CAD,#1782,PAYMENT,PARTIALLY_REFUNDED,491726835607,P6Q9M2K7AXTW,Order Cap Test,Canada
89,25-08-2026,#1781.2,manual,10115.49,-1468.84,CAD,#1781,REFUND,PARTIALLY_REFUNDED,491726835607,P6Q9M2K7AXTW,Order Cap Test,Canada
90,25-08-2026,#1781.1,manual,10115.49,10115.49,CAD,#1781,PAYMENT,PARTIALLY_REFUNDED,491726835607,P6Q9M2K7AXTW,Order Cap Test,Canada
91,25-08-2026,#1780.2,manual,10115.49,-1203.03,CAD,#1780,REFUND,PARTIALLY_REFUNDED,491726835607,P6Q9M2K7AXTW,Order Cap Test,Canada
92,25-08-2026,#1780.1,manual,10115.49,10115.49,CAD,#1780,PAYMENT,PARTIALLY_REFUNDED,491726835607,P6Q9M2K7AXTW,Order Cap Test,Canada
93,25-08-2026,#1779.2,manual,10115.49,-5497.62,CAD,#1779,REFUND,PARTIALLY_REFUNDED,491726835607,P6Q9M2K7AXTW,Order Cap Test,Canada
94,25-08-2026,#1779.1,manual,10115.49,10115.49,CAD,#1779,PAYMENT,PARTIALLY_REFUNDED,491726835607,P6Q9M2K7AXTW,Order Cap Test,Canada
95,25-08-2026,#1778.2,manual,2250.51,-102.91,USD,#1778,REFUND,PARTIALLY_REFUNDED,491726835607,P6Q9M2K7AXTW,Order Cap Test,United States
96,25-08-2026,#1778.1,manual,2250.51,2250.51,USD,#1778,PAYMENT,PARTIALLY_REFUNDED,491726835607,P6Q9M2K7AXTW,Order Cap Test,United States
97,25-08-2026,#1777.2,manual,352.34,-3.09,USD,#1777,REFUND,PARTIALLY_REFUNDED,491726835607,P6Q9M2K7AXTW,Order Cap Test,United States
98,25-08-2026,#1777.1,manual,352.34,67.52,USD,#1777,PAYMENT,PARTIALLY_REFUNDED,491726835607,P6Q9M2K7AXTW,Order Cap Test,United States
99,25-08-2026,#1775.4,manual,2250.51,-2.91,USD,#1775,REFUND,PARTIALLY_REFUNDED,491726835607,P6Q9M2K7AXTW,Order Cap Test,United States
100,25-08-2026,#1775.3,manual,2250.51,-100.00,USD,#1775,REFUND,PARTIALLY_REFUNDED,491726835607,P6Q9M2K7AXTW,Order Cap Test,United States
101,25-08-2026,#1775.2,manual,2250.51,2150.51,USD,#1775,PAYMENT,PARTIALLY_REFUNDED,491726835607,P6Q9M2K7AXTW,Order Cap Test,United States
102,25-08-2026,#1775.1,manual,2250.51,100.00,USD,#1775,PAYMENT,PARTIALLY_REFUNDED,491726835607,P6Q9M2K7AXTW,Order Cap Test,United States
103,25-08-2026,#1774.4,manual,1068.85,-79.79,USD,#1774,REFUND,PARTIALLY_REFUNDED,529801467312,SAP2M7L8X4ZW,Tata Sonic,United States
104,25-08-2026,#1774.3,manual,1068.85,-79.79,USD,#1774,REFUND,PARTIALLY_REFUNDED,529801467312,SAP2M7L8X4ZW,Tata Sonic,United States
105,25-08-2026,#1774.2,manual,1068.85,-669.90,USD,#1774,REFUND,PARTIALLY_REFUNDED,529801467312,SAP2M7L8X4ZW,Tata Sonic,United States
106,25-08-2026,#1774.1,manual,1068.85,1068.85,USD,#1774,PAYMENT,PARTIALLY_REFUNDED,529801467312,SAP2M7L8X4ZW,Tata Sonic,United States
107,25-08-2026,#1773.2,manual,2353.41,-78.99,USD,#1773,REFUND,PARTIALLY_REFUNDED,491726835607,P6Q9M2K7AXTW,Order Cap Test,United States
108,25-08-2026,#1773.1,manual,2353.41,2353.41,USD,#1773,PAYMENT,PARTIALLY_REFUNDED,491726835607,P6Q9M2K7AXTW,Order Cap Test,United States
109,25-08-2026,#1772.2,manual,2353.41,-78.99,USD,#1772,REFUND,PARTIALLY_REFUNDED,491726835607,P6Q9M2K7AXTW,Order Cap Test,United States
110,25-08-2026,#1772.1,manual,2353.41,2353.41,USD,#1772,PAYMENT,PARTIALLY_REFUNDED,491726835607,P6Q9M2K7AXTW,Order Cap Test,United States
111,24-08-2026,#1771.2,manual,2353.41,-78.99,USD,#1771,REFUND,PARTIALLY_REFUNDED,491726835607,P6Q9M2K7AXTW,Order Cap Test,United States
112,24-08-2026,#1771.1,manual,2353.41,2353.41,USD,#1771,PAYMENT,PARTIALLY_REFUNDED,491726835607,P6Q9M2K7AXTW,Order Cap Test,United States
113,24-08-2026,#1770.3,manual,2353.41,-78.99,USD,#1770,REFUND,PARTIALLY_REFUNDED,491726835607,P6Q9M2K7AXTW,Order Cap Test,United States
114,24-08-2026,#1770.2,manual,2353.41,2253.41,USD,#1770,PAYMENT,PARTIALLY_REFUNDED,491726835607,P6Q9M2K7AXTW,Order Cap Test,United States
115,24-08-2026,#1770.1,manual,2353.41,100.00,USD,#1770,PAYMENT,PARTIALLY_REFUNDED,491726835607,P6Q9M2K7AXTW,Order Cap Test,United States
116,24-08-2026,#1743.1,manual,512.76,100.00,USD,#1743,PAYMENT,PARTIALLY_PAID,491726835607,P6Q9M2K7AXTW,Order Cap Test,United States
117,24-08-2026,#1769.3,manual,545.70,-78.99,USD,#1769,REFUND,PARTIALLY_REFUNDED,491726835607,P6Q9M2K7AXTW,Order Cap Test,United States
118,24-08-2026,#1769.2,manual,545.70,-78.99,USD,#1769,REFUND,PARTIALLY_REFUNDED,491726835607,P6Q9M2K7AXTW,Order Cap Test,United States
119,24-08-2026,#1769.1,manual,545.70,545.70,USD,#1769,PAYMENT,PARTIALLY_REFUNDED,491726835607,P6Q9M2K7AXTW,Order Cap Test,United States
120,24-08-2026,#1768.3,manual,442.79,-102.91,USD,#1768,REFUND,PARTIALLY_REFUNDED,491726835607,P6Q9M2K7AXTW,Order Cap Test,United States
121,24-08-2026,#1765.3,manual,442.79,-78.99,USD,#1765,REFUND,PARTIALLY_REFUNDED,491726835607,P6Q9M2K7AXTW,Order Cap Test,United States
122,24-08-2026,#1767.1,manual,1800.27,1800.27,USD,#1767,PAYMENT,PAID,195837462701,Q8L2SAP91XZT,Finance Test1,United States
123,24-08-2026,#1768.2,manual,442.79,-102.91,USD,#1768,REFUND,PARTIALLY_REFUNDED,491726835607,P6Q9M2K7AXTW,Order Cap Test,United States
124,24-08-2026,#1768.1,manual,442.79,442.79,USD,#1768,PAYMENT,PARTIALLY_REFUNDED,491726835607,P6Q9M2K7AXTW,Order Cap Test,United States
125,24-08-2026,#1766.2,manual,442.79,-102.91,USD,#1766,REFUND,PARTIALLY_REFUNDED,491726835607,P6Q9M2K7AXTW,Order Cap Test,United States
126,24-08-2026,#1766.1,manual,442.79,442.79,USD,#1766,PAYMENT,PARTIALLY_REFUNDED,491726835607,P6Q9M2K7AXTW,Order Cap Test,United States
127,24-08-2026,#1765.2,manual,442.79,-157.98,USD,#1765,REFUND,PARTIALLY_REFUNDED,491726835607,P6Q9M2K7AXTW,Order Cap Test,United States
128,24-08-2026,#1765.1,manual,442.79,442.79,USD,#1765,PAYMENT,PARTIALLY_REFUNDED,491726835607,P6Q9M2K7AXTW,Order Cap Test,United States
129,24-08-2026,#1764.2,manual,442.79,-102.91,USD,#1764,REFUND,PARTIALLY_REFUNDED,491726835607,P6Q9M2K7AXTW,Order Cap Test,United States
130,24-08-2026,#1764.1,manual,442.79,442.79,USD,#1764,PAYMENT,PARTIALLY_REFUNDED,491726835607,P6Q9M2K7AXTW,Order Cap Test,United States
131,24-08-2026,#1763.2,manual,541.79,-102.91,USD,#1763,REFUND,PARTIALLY_REFUNDED,491726835607,P6Q9M2K7AXTW,Order Cap Test,United States
132,24-08-2026,#1763.1,manual,541.79,442.79,USD,#1763,PAYMENT,PARTIALLY_REFUNDED,491726835607,P6Q9M2K7AXTW,Order Cap Test,United States
133,24-08-2026,#1762.2,manual,442.79,-102.91,USD,#1762,REFUND,PARTIALLY_REFUNDED,491726835607,P6Q9M2K7AXTW,Order Cap Test,United States
134,24-08-2026,#1762.1,manual,442.79,442.79,USD,#1762,PAYMENT,PARTIALLY_REFUNDED,491726835607,P6Q9M2K7AXTW,Order Cap Test,United States
135,24-08-2026,#1761.3,manual,1161.07,-663.20,USD,#1761,REFUND,PARTIALLY_REFUNDED,491726835607,P6Q9M2K7AXTW,Order Cap Test,United States
136,24-08-2026,#1761.2,manual,1161.07,-102.91,USD,#1761,REFUND,PARTIALLY_REFUNDED,491726835607,P6Q9M2K7AXTW,Order Cap Test,United States
137,24-08-2026,#1761.1,manual,1161.07,1161.07,USD,#1761,PAYMENT,PARTIALLY_REFUNDED,491726835607,P6Q9M2K7AXTW,Order Cap Test,United States
138,24-08-2026,#1760.2,manual,442.79,-102.91,USD,#1760,REFUND,PARTIALLY_REFUNDED,491726835607,P6Q9M2K7AXTW,Order Cap Test,United States
139,24-08-2026,#1760.1,manual,442.79,442.79,USD,#1760,PAYMENT,PARTIALLY_REFUNDED,491726835607,P6Q9M2K7AXTW,Order Cap Test,United States
140,24-08-2026,#1759.1,manual,442.79,442.79,USD,#1759,PAYMENT,PAID,491726835607,P6Q9M2K7AXTW,Order Cap Test,United States
141,24-08-2026,#1758.2,manual,442.79,-78.99,USD,#1758,REFUND,PARTIALLY_REFUNDED,491726835607,P6Q9M2K7AXTW,Order Cap Test,United States
142,24-08-2026,#1758.1,manual,442.79,442.79,USD,#1758,PAYMENT,PARTIALLY_REFUNDED,491726835607,P6Q9M2K7AXTW,Order Cap Test,United States
143,24-08-2026,#1757.2,manual,1161.07,-102.91,USD,#1757,REFUND,PARTIALLY_REFUNDED,491726835607,P6Q9M2K7AXTW,Order Cap Test,United States
144,24-08-2026,#1757.1,manual,1161.07,1161.07,USD,#1757,PAYMENT,PARTIALLY_REFUNDED,491726835607,P6Q9M2K7AXTW,Order Cap Test,United States
145,24-08-2026,#1756.3,manual,1161.07,-663.20,USD,#1756,REFUND,PARTIALLY_REFUNDED,491726835607,P6Q9M2K7AXTW,Order Cap Test,United States
146,24-08-2026,#1756.2,manual,1161.07,-102.91,USD,#1756,REFUND,PARTIALLY_REFUNDED,491726835607,P6Q9M2K7AXTW,Order Cap Test,United States
147,24-08-2026,#1756.1,manual,1161.07,1161.07,USD,#1756,PAYMENT,PARTIALLY_REFUNDED,491726835607,P6Q9M2K7AXTW,Order Cap Test,United States
148,24-08-2026,#1755.1,manual,1161.07,1161.07,USD,#1755,PAYMENT,PAID,491726835607,P6Q9M2K7AXTW,Order Cap Test,United States
149,24-08-2026,#1754.3,manual,1161.07,-100.00,USD,#1754,REFUND,PARTIALLY_REFUNDED,491726835607,P6Q9M2K7AXTW,Order Cap Test,United States
150,24-08-2026,#1754.4,manual,1161.07,-2.91,USD,#1754,REFUND,PARTIALLY_REFUNDED,491726835607,P6Q9M2K7AXTW,Order Cap Test,United States
151,24-08-2026,#1754.2,manual,1161.07,1061.07,USD,#1754,PAYMENT,PARTIALLY_REFUNDED,491726835607,P6Q9M2K7AXTW,Order Cap Test,United States
152,24-08-2026,#1754.1,manual,1161.07,100.00,USD,#1754,PAYMENT,PARTIALLY_REFUNDED,491726835607,P6Q9M2K7AXTW,Order Cap Test,United States
153,24-08-2026,#1753.2,manual,1161.07,1061.07,USD,#1753,PAYMENT,PAID,491726835607,P6Q9M2K7AXTW,Order Cap Test,United States
154,24-08-2026,#1753.1,manual,1161.07,100.00,USD,#1753,PAYMENT,PAID,491726835607,P6Q9M2K7AXTW,Order Cap Test,United States
155,24-08-2026,#1752.3,manual,1161.07,-102.91,USD,#1752,REFUND,PARTIALLY_REFUNDED,491726835607,P6Q9M2K7AXTW,Order Cap Test,United States
156,24-08-2026,#1752.2,manual,1161.07,-663.20,USD,#1752,REFUND,PARTIALLY_REFUNDED,491726835607,P6Q9M2K7AXTW,Order Cap Test,United States
157,24-08-2026,#1752.1,manual,1161.07,1161.07,USD,#1752,PAYMENT,PARTIALLY_REFUNDED,491726835607,P6Q9M2K7AXTW,Order Cap Test,United States
158,24-08-2026,#1751.2,manual,1161.07,-102.91,USD,#1751,REFUND,PARTIALLY_REFUNDED,491726835607,P6Q9M2K7AXTW,Order Cap Test,United States
159,24-08-2026,#1751.1,manual,1161.07,1161.07,USD,#1751,PAYMENT,PARTIALLY_REFUNDED,491726835607,P6Q9M2K7AXTW,Order Cap Test,United States
160,24-08-2026,#1750.2,manual,34.84,-4.73,USD,#1750,REFUND,PARTIALLY_REFUNDED,491726835607,P6Q9M2K7AXTW,Order Cap Test,United States
161,24-08-2026,#1750.1,manual,34.84,34.84,USD,#1750,PAYMENT,PARTIALLY_REFUNDED,491726835607,P6Q9M2K7AXTW,Order Cap Test,United States
162,24-08-2026,#1749.3,manual,1161.07,-100.00,USD,#1749,REFUND,PARTIALLY_REFUNDED,491726835607,P6Q9M2K7AXTW,Order Cap Test,United States
163,24-08-2026,#1749.4,manual,1161.07,-563.20,USD,#1749,REFUND,PARTIALLY_REFUNDED,491726835607,P6Q9M2K7AXTW,Order Cap Test,United States
164,24-08-2026,#1749.2,manual,1161.07,1061.07,USD,#1749,PAYMENT,PARTIALLY_REFUNDED,491726835607,P6Q9M2K7AXTW,Order Cap Test,United States
165,24-08-2026,#1749.1,manual,1161.07,100.00,USD,#1749,PAYMENT,PARTIALLY_REFUNDED,491726835607,P6Q9M2K7AXTW,Order Cap Test,United States
166,24-08-2026,#1748.2,manual,1161.07,-663.20,USD,#1748,REFUND,PARTIALLY_REFUNDED,491726835607,P6Q9M2K7AXTW,Order Cap Test,United States
167,24-08-2026,#1748.1,manual,1161.07,1161.07,USD,#1748,PAYMENT,PARTIALLY_REFUNDED,491726835607,P6Q9M2K7AXTW,Order Cap Test,United States
168,24-08-2026,#1747.3,manual,34.84,-3.09,USD,#1747,REFUND,PARTIALLY_REFUNDED,491726835607,P6Q9M2K7AXTW,Order Cap Test,United States
169,24-08-2026,#1741.2,manual,61.32,9.00,USD,#1741,PAYMENT,PARTIALLY_PAID,491726835607,P6Q9M2K7AXTW,Order Cap Test,United States
170,24-08-2026,#1741.1,manual,61.32,5.00,USD,#1741,PAYMENT,PARTIALLY_PAID,491726835607,P6Q9M2K7AXTW,Order Cap Test,United States
171,24-08-2026,#1745.4,manual,410.78,-51.96,USD,#1745,REFUND,PARTIALLY_REFUNDED,491726835607,P6Q9M2K7AXTW,Order Cap Test,United States
172,24-08-2026,#1745.3,manual,410.78,-51.96,USD,#1745,REFUND,PARTIALLY_REFUNDED,491726835607,P6Q9M2K7AXTW,Order Cap Test,United States
173,24-08-2026,#1747.2,manual,34.84,-19.90,USD,#1747,REFUND,PARTIALLY_REFUNDED,491726835607,P6Q9M2K7AXTW,Order Cap Test,United States
174,24-08-2026,#1747.1,manual,34.84,34.84,USD,#1747,PAYMENT,PARTIALLY_REFUNDED,491726835607,P6Q9M2K7AXTW,Order Cap Test,United States
175,21-08-2026,#1746.3,manual,410.78,-99.00,USD,#1746,REFUND,PARTIALLY_REFUNDED,491726835607,P6Q9M2K7AXTW,Order Cap Test,United States
176,21-08-2026,#1746.2,manual,410.78,-51.96,USD,#1746,REFUND,PARTIALLY_REFUNDED,491726835607,P6Q9M2K7AXTW,Order Cap Test,United States
177,21-08-2026,#1746.1,manual,410.78,410.78,USD,#1746,PAYMENT,PARTIALLY_REFUNDED,491726835607,P6Q9M2K7AXTW,Order Cap Test,United States
178,21-08-2026,#1745.2,manual,410.78,-99.00,USD,#1745,REFUND,PARTIALLY_REFUNDED,491726835607,P6Q9M2K7AXTW,Order Cap Test,United States
179,21-08-2026,#1745.1,manual,410.78,410.78,USD,#1745,PAYMENT,PARTIALLY_REFUNDED,491726835607,P6Q9M2K7AXTW,Order Cap Test,United States
180,21-08-2026,#1744.3,manual,460.78,-50.00,USD,#1744,REFUND,PARTIALLY_REFUNDED,491726835607,P6Q9M2K7AXTW,Order Cap Test,United States
181,21-08-2026,#1744.2,manual,460.78,-99.00,USD,#1744,REFUND,PARTIALLY_REFUNDED,491726835607,P6Q9M2K7AXTW,Order Cap Test,United States
182,21-08-2026,#1744.1,manual,460.78,408.82,USD,#1744,PAYMENT,PARTIALLY_REFUNDED,491726835607,P6Q9M2K7AXTW,Order Cap Test,United States
183,21-08-2026,#1696.2,manual,3449.89,-1102.50,USD,#1696,REFUND,PARTIALLY_REFUNDED,491726835607,P6Q9M2K7AXTW,Order Cap Test,United States
184,21-08-2026,#1696.1,manual,3449.89,3370.10,USD,#1696,PAYMENT,PARTIALLY_REFUNDED,491726835607,P6Q9M2K7AXTW,Order Cap Test,United States
185,21-08-2026,#1706.1,manual,352.00,102.00,USD,#1706,PAYMENT,PARTIALLY_PAID,491726835607,P6Q9M2K7AXTW,Order Cap Test,United States
186,21-08-2026,#1742.3,manual,108.36,-4.68,USD,#1742,REFUND,REFUNDED,491726835607,P6Q9M2K7AXTW,Order Cap Test,United States
187,21-08-2026,#1742.2,manual,108.36,-4.68,USD,#1742,REFUND,REFUNDED,491726835607,P6Q9M2K7AXTW,Order Cap Test,United States
188,21-08-2026,#1742.1,manual,108.36,9.36,USD,#1742,PAYMENT,REFUNDED,491726835607,P6Q9M2K7AXTW,Order Cap Test,United States
189,21-08-2026,#1740.1,manual,110.74,31.75,USD,#1740,PAYMENT,PARTIALLY_PAID,491726835607,P6Q9M2K7AXTW,Order Cap Test,United States
190,18-08-2026,#1739.1,US (Manual Bank Transfer),3509.00,509.00,USD,#1739,PAYMENT,PARTIALLY_PAID,436290815743,T2Q6L9M5APRX,Moxiiii QA Tax Exe,United States
191,18-08-2026,#1738.2,US (Manual Bank Transfer),3509.00,-2600.00,USD,#1738,REFUND,PARTIALLY_REFUNDED,436290815743,T2Q6L9M5APRX,Moxiiii QA Tax Exe,United States
192,18-08-2026,#1738.1,US (Manual Bank Transfer),3509.00,3509.00,USD,#1738,PAYMENT,PARTIALLY_REFUNDED,436290815743,T2Q6L9M5APRX,Moxiiii QA Tax Exe,United States
193,18-08-2026,#1737.2,manual,13384.00,-1216.72,USD,#1737,REFUND,PARTIALLY_REFUNDED,784592316048,SAP7A92KX4M1,Sample Company,United States
194,18-08-2026,#1737.1,manual,13384.00,13384.00,USD,#1737,PAYMENT,PARTIALLY_REFUNDED,784592316048,SAP7A92KX4M1,Sample Company,United States
195,17-08-2026,#1549.1,Canada (Manual Bank Transfer),484.80,484.80,CAD,#1549,PAYMENT,PAID,436290815743,T2Q6L9M5APRX,Moxiiii QA Tax Exe,Canada
196,17-08-2026,zLhxyO2VEuwSBGGDuNRDkFapA,shopify_payments,109.09,-12.00,USD,#1736,REFUND,PARTIALLY_REFUNDED,491726835607,P6Q9M2K7AXTW,Order Cap Test,United States
197,17-08-2026,zZaIEQuVSbiTiEfT8BTsEpIKU,shopify_payments,109.09,-7.90,USD,#1736,REFUND,PARTIALLY_REFUNDED,491726835607,P6Q9M2K7AXTW,Order Cap Test,United States
198,17-08-2026,rxCuQGmUwhFcHxoQ9yl0ZNcWW,shopify_payments,109.09,15.01,USD,#1736,PAYMENT,PARTIALLY_REFUNDED,491726835607,P6Q9M2K7AXTW,Order Cap Test,United States
199,17-08-2026,rMlg3ew2M0tSzU9u3G6bA8K5g,shopify_payments,109.09,12.00,USD,#1736,PAYMENT,PARTIALLY_REFUNDED,491726835607,P6Q9M2K7AXTW,Order Cap Test,United States
200,14-08-2026,#1735.3,manual,1161.07,-599.40,USD,#1735,REFUND,PARTIALLY_REFUNDED,491726835607,P6Q9M2K7AXTW,Order Cap Test,United States
201,14-08-2026,#1735.2,manual,1161.07,1061.07,USD,#1735,PAYMENT,PARTIALLY_REFUNDED,491726835607,P6Q9M2K7AXTW,Order Cap Test,United States
202,14-08-2026,#1735.1,manual,1161.07,100.00,USD,#1735,PAYMENT,PARTIALLY_REFUNDED,491726835607,P6Q9M2K7AXTW,Order Cap Test,United States
203,14-08-2026,rVrtuRRVacEDpSGo8sTN7QOVC,shopify_store_credit,1161.07,1161.07,USD,#1734,PAYMENT,PAID,491726835607,P6Q9M2K7AXTW,Order Cap Test,United States
204,14-08-2026,#1731.1,shopify_store_credit,1161.07,-599.40,USD,#1731,REFUND,PARTIALLY_REFUNDED,491726835607,P6Q9M2K7AXTW,Order Cap Test,United States
205,14-08-2026,rSt38QsylVhTDhM1x3rJVpt7w,shopify_payments,1161.07,1161.07,USD,#1731,PAYMENT,PARTIALLY_REFUNDED,491726835607,P6Q9M2K7AXTW,Order Cap Test,United States
206,14-08-2026,rZm7FymZhuQ3bRluSLeb8edkW,shopify_payments,34.84,34.84,USD,#1730,PAYMENT,PAID,491726835607,P6Q9M2K7AXTW,Order Cap Test,United States
207,14-08-2026,#1728.2,manual,1161.07,-599.40,USD,#1728,REFUND,PARTIALLY_REFUNDED,491726835607,P6Q9M2K7AXTW,Order Cap Test,United States
208,14-08-2026,#1728.1,manual,1161.07,1161.07,USD,#1728,PAYMENT,PARTIALLY_REFUNDED,491726835607,P6Q9M2K7AXTW,Order Cap Test,United States
209,14-08-2026,#1727.2,shopify_store_credit,1161.07,-599.40,USD,#1727,REFUND,PARTIALLY_REFUNDED,491726835607,P6Q9M2K7AXTW,Order Cap Test,United States
210,14-08-2026,#1727.1,US (Manual Bank Transfer),1161.07,1161.07,USD,#1727,PAYMENT,PARTIALLY_REFUNDED,491726835607,P6Q9M2K7AXTW,Order Cap Test,United States
211,14-08-2026,#1726.3,US (Manual Bank Transfer),1161.07,-102.91,USD,#1726,REFUND,PARTIALLY_REFUNDED,491726835607,P6Q9M2K7AXTW,Order Cap Test,United States
212,14-08-2026,#1726.2,US (Manual Bank Transfer),1161.07,-599.40,USD,#1726,REFUND,PARTIALLY_REFUNDED,491726835607,P6Q9M2K7AXTW,Order Cap Test,United States
213,14-08-2026,#1726.1,US (Manual Bank Transfer),1161.07,1161.07,USD,#1726,PAYMENT,PARTIALLY_REFUNDED,491726835607,P6Q9M2K7AXTW,Order Cap Test,United States
214,14-08-2026,#1724.1,US (Manual Bank Transfer),2205.44,2205.44,USD,#1724,PAYMENT,PAID,529801467312,SAP2M7L8X4ZW,Tata Sonic,United States
215,14-08-2026,#1723.5,US (Manual Bank Transfer),1161.07,-79.00,USD,#1723,REFUND,PARTIALLY_REFUNDED,491726835607,P6Q9M2K7AXTW,Order Cap Test,United States
216,14-08-2026,#1723.4,US (Manual Bank Transfer),1161.07,-78.99,USD,#1723,REFUND,PARTIALLY_REFUNDED,491726835607,P6Q9M2K7AXTW,Order Cap Test,United States
217,14-08-2026,#1723.3,US (Manual Bank Transfer),1161.07,-102.91,USD,#1723,REFUND,PARTIALLY_REFUNDED,491726835607,P6Q9M2K7AXTW,Order Cap Test,United States
218,14-08-2026,#1723.2,US (Manual Bank Transfer),1161.07,-599.40,USD,#1723,REFUND,PARTIALLY_REFUNDED,491726835607,P6Q9M2K7AXTW,Order Cap Test,United States
219,14-08-2026,#1723.1,US (Manual Bank Transfer),1161.07,1161.07,USD,#1723,PAYMENT,PARTIALLY_REFUNDED,491726835607,P6Q9M2K7AXTW,Order Cap Test,United States
220,14-08-2026,#1722.4,manual,1161.07,-78.99,USD,#1722,REFUND,PARTIALLY_REFUNDED,491726835607,P6Q9M2K7AXTW,Order Cap Test,United States
221,14-08-2026,#1722.3,manual,1161.07,-102.91,USD,#1722,REFUND,PARTIALLY_REFUNDED,491726835607,P6Q9M2K7AXTW,Order Cap Test,United States
222,14-08-2026,#1722.2,shopify_store_credit,1161.07,-574.20,USD,#1722,REFUND,PARTIALLY_REFUNDED,491726835607,P6Q9M2K7AXTW,Order Cap Test,United States
223,14-08-2026,#1722.1,manual,1161.07,1161.07,USD,#1722,PAYMENT,PARTIALLY_REFUNDED,491726835607,P6Q9M2K7AXTW,Order Cap Test,United States
224,14-08-2026,#1718.2,shopify_store_credit,235.26,-46.63,CAD,#1718,REFUND,PARTIALLY_REFUNDED,491726835607,P6Q9M2K7AXTW,Order Cap Test,Canada
225,14-08-2026,#1718.1,Canada (Manual Bank Transfer),235.26,235.26,CAD,#1718,PAYMENT,PARTIALLY_REFUNDED,491726835607,P6Q9M2K7AXTW,Order Cap Test,Canada
226,14-08-2026,rW7cvk1wM7vU2bwNhzS0lJ0te,shopify_payments,5600.34,5600.34,CAD,#1716,PAYMENT,PAID,529801467312,SAP2M7L8X4ZW,Tata Sonic,Canada
227,14-08-2026,#1714.1,manual,2205.44,2205.44,USD,#1714,PAYMENT,PAID,529801467312,SAP2M7L8X4ZW,Tata Sonic,United States
228,14-08-2026,rQhmyWb7CeevK1rveZ8IbSSl3,shopify_payments,102.00,102.00,USD,#1713,PAYMENT,PAID,491726835607,P6Q9M2K7AXTW,Order Cap Test,United States
229,14-08-2026,#1707.2,manual,1722.54,-1550.28,CAD,#1707,REFUND,PARTIALLY_REFUNDED,692385741908,F3SAP8Q2W7KN,KETAN UNIVERSITY,Canada
230,14-08-2026,#1707.1,manual,1722.54,1722.54,CAD,#1707,PAYMENT,PARTIALLY_REFUNDED,692385741908,F3SAP8Q2W7KN,KETAN UNIVERSITY,Canada
231,14-08-2026,#1703.2,manual,3386.32,-3047.68,CAD,#1703,REFUND,PARTIALLY_REFUNDED,692385741908,F3SAP8Q2W7KN,KETAN UNIVERSITY,Canada
232,14-08-2026,rXPpWtsyXqQWjbXZO0evRsoHd,shopify_payments,2716.58,200.00,USD,#1705,PAYMENT,PARTIALLY_PAID,753914268180,R8SAP1L4X2QM,Dell,United States
233,14-08-2026,#1705.2,manual,2716.58,100.00,USD,#1705,PAYMENT,PARTIALLY_PAID,753914268180,R8SAP1L4X2QM,Dell,United States
234,14-08-2026,#1705.1,US (Manual Bank Transfer),2716.58,2.00,USD,#1705,PAYMENT,PARTIALLY_PAID,753914268180,R8SAP1L4X2QM,Dell,United States
235,14-08-2026,#1703.1,manual,3386.32,3386.32,CAD,#1703,PAYMENT,PARTIALLY_REFUNDED,692385741908,F3SAP8Q2W7KN,KETAN UNIVERSITY,Canada
236,14-08-2026,z228ogseCemI8nys3VkFT0st8,shopify_payments,3399.89,-1102.50,USD,#1702,REFUND,PARTIALLY_REFUNDED,491726835607,P6Q9M2K7AXTW,Order Cap Test,United States
237,14-08-2026,zMOGqK12nJg35fu6ufk7zVmT5,shopify_payments,3399.89,-79.79,USD,#1702,REFUND,PARTIALLY_REFUNDED,491726835607,P6Q9M2K7AXTW,Order Cap Test,United States
238,14-08-2026,rxKWwTullMJSTakoDcvG3Yeeq,shopify_payments,3399.89,3399.89,USD,#1702,PAYMENT,PARTIALLY_REFUNDED,491726835607,P6Q9M2K7AXTW,Order Cap Test,United States
239,14-08-2026,#1701.1,manual,1158.52,1158.52,USD,#1701,PAYMENT,PAID,692385741908,F3SAP8Q2W7KN,KETAN UNIVERSITY,United States
240,14-08-2026,#1700.2,US (Manual Bank Transfer),963.67,-813.60,USD,#1700,REFUND,PARTIALLY_REFUNDED,692385741908,F3SAP8Q2W7KN,KETAN UNIVERSITY,United States
241,14-08-2026,#1700.1,US (Manual Bank Transfer),963.67,963.67,USD,#1700,PAYMENT,PARTIALLY_REFUNDED,692385741908,F3SAP8Q2W7KN,KETAN UNIVERSITY,United States
242,14-08-2026,#1699.2,shopify_store_credit,431.73,-431.73,USD,#1699,REFUND,REFUNDED,692385741908,F3SAP8Q2W7KN,KETAN UNIVERSITY,United States
243,14-08-2026,#1699.1,US (Manual Bank Transfer),431.73,431.73,USD,#1699,PAYMENT,REFUNDED,692385741908,F3SAP8Q2W7KN,KETAN UNIVERSITY,United States
244,14-08-2026,rFytKvwvcqomZplVzRRTKke48,shopify_payments,102.00,102.00,USD,#1686,PAYMENT,PAID,491726835607,P6Q9M2K7AXTW,Order Cap Test,United States
245,13-08-2026,#1681.2,Canada (Manual Bank Transfer),682.66,-614.39,USD,#1681,REFUND,PARTIALLY_REFUNDED,470918632155,Y6K2A7T9PXLM,Anand's Company,United States
246,13-08-2026,#1681.1,Canada (Manual Bank Transfer),682.66,682.66,USD,#1681,PAYMENT,PARTIALLY_REFUNDED,470918632155,Y6K2A7T9PXLM,Anand's Company,United States
247,13-08-2026,#1669.1,manual,2205.44,2205.44,USD,#1669,PAYMENT,PAID,529801467312,SAP2M7L8X4ZW,Tata Sonic,United States
248,13-08-2026,#1667.1,US (Manual Bank Transfer),3399.89,3399.89,USD,#1667,PAYMENT,PAID,491726835607,P6Q9M2K7AXTW,Order Cap Test,United States
249,13-08-2026,#1665.2,US (Manual Bank Transfer),3399.89,-79.79,USD,#1665,REFUND,PARTIALLY_REFUNDED,491726835607,P6Q9M2K7AXTW,Order Cap Test,United States
250,13-08-2026,#1665.1,US (Manual Bank Transfer),3399.89,3399.89,USD,#1665,PAYMENT,PARTIALLY_REFUNDED,491726835607,P6Q9M2K7AXTW,Order Cap Test,United States
251,13-08-2026,#1664.1,US (Manual Bank Transfer),3399.89,3399.89,USD,#1664,PAYMENT,PAID,491726835607,P6Q9M2K7AXTW,Order Cap Test,United States
252,12-08-2026,#1663.1,Canada (Manual Bank Transfer),162.62,162.62,USD,#1663,PAYMENT,PAID,470918632155,Y6K2A7T9PXLM,Anand's Company,United States
253,12-08-2026,#1661.1,manual,2283.76,2283.76,USD,#1661,PAYMENT,PAID,574318926140,SAP8N5T1Q4LX,Test USA Entity,United States
254,11-08-2026,#1658.2,manual,3399.89,-79.79,USD,#1658,REFUND,PARTIALLY_REFUNDED,491726835607,P6Q9M2K7AXTW,Order Cap Test,United States
255,11-08-2026,#1658.1,manual,3399.89,3399.89,USD,#1658,PAYMENT,PARTIALLY_REFUNDED,491726835607,P6Q9M2K7AXTW,Order Cap Test,United States
256,11-08-2026,rWooXv65KDVLfEwZXJbtOIeOI,shopify_payments,3399.89,3399.89,USD,#1659,PAYMENT,PAID,491726835607,P6Q9M2K7AXTW,Order Cap Test,United States
257,11-08-2026,#1657.2,manual,3399.89,-79.79,USD,#1657,REFUND,PARTIALLY_REFUNDED,491726835607,P6Q9M2K7AXTW,Order Cap Test,United States
258,11-08-2026,#1657.1,manual,3399.89,3399.89,USD,#1657,PAYMENT,PARTIALLY_REFUNDED,491726835607,P6Q9M2K7AXTW,Order Cap Test,United States
259,11-08-2026,#1656.2,manual,3399.89,-79.79,USD,#1656,REFUND,PARTIALLY_REFUNDED,491726835607,P6Q9M2K7AXTW,Order Cap Test,United States
260,11-08-2026,#1656.1,manual,3399.89,3399.89,USD,#1656,PAYMENT,PARTIALLY_REFUNDED,491726835607,P6Q9M2K7AXTW,Order Cap Test,United States
261,11-08-2026,#1655.2,Canada (Manual Bank Transfer),90.02,-81.31,USD,#1655,REFUND,REFUNDED,470918632155,Y6K2A7T9PXLM,Anand's Company,United States
262,11-08-2026,#1655.1,Canada (Manual Bank Transfer),90.02,81.31,USD,#1655,PAYMENT,REFUNDED,470918632155,Y6K2A7T9PXLM,Anand's Company,United States
263,11-08-2026,#1653.5,manual,3399.89,-2009.70,USD,#1653,REFUND,REFUNDED,491726835607,P6Q9M2K7AXTW,Order Cap Test,United States
264,11-08-2026,#1654.1,Canada (Manual Bank Transfer),1065.85,105.00,USD,#1654,PAYMENT,PARTIALLY_PAID,470918632155,Y6K2A7T9PXLM,Anand's Company,United States
265,11-08-2026,#1653.4,manual,3399.89,-207.90,USD,#1653,REFUND,REFUNDED,491726835607,P6Q9M2K7AXTW,Order Cap Test,United States
266,11-08-2026,#1653.3,manual,3399.89,-1102.50,USD,#1653,REFUND,REFUNDED,491726835607,P6Q9M2K7AXTW,Order Cap Test,United States
267,11-08-2026,#1653.2,manual,3399.89,-79.79,USD,#1653,REFUND,REFUNDED,491726835607,P6Q9M2K7AXTW,Order Cap Test,United States
268,11-08-2026,#1653.1,manual,3399.89,3399.89,USD,#1653,PAYMENT,REFUNDED,491726835607,P6Q9M2K7AXTW,Order Cap Test,United States
269,11-08-2026,#1652.2,manual,3399.89,-79.79,USD,#1652,REFUND,PARTIALLY_REFUNDED,491726835607,P6Q9M2K7AXTW,Order Cap Test,United States
270,11-08-2026,#1652.1,manual,3399.89,3399.89,USD,#1652,PAYMENT,PARTIALLY_REFUNDED,491726835607,P6Q9M2K7AXTW,Order Cap Test,United States
271,11-08-2026,#1651.2,manual,3399.89,-1102.50,USD,#1651,REFUND,PARTIALLY_REFUNDED,491726835607,P6Q9M2K7AXTW,Order Cap Test,United States
272,11-08-2026,#1651.1,manual,3399.89,3399.89,USD,#1651,PAYMENT,PARTIALLY_REFUNDED,491726835607,P6Q9M2K7AXTW,Order Cap Test,United States
273,11-08-2026,#1650.2,manual,3399.89,-79.79,USD,#1650,REFUND,PARTIALLY_REFUNDED,491726835607,P6Q9M2K7AXTW,Order Cap Test,United States
274,11-08-2026,#1650.1,manual,3399.89,3399.89,USD,#1650,PAYMENT,PARTIALLY_REFUNDED,491726835607,P6Q9M2K7AXTW,Order Cap Test,United States
275,11-08-2026,#1649.2,manual,3399.89,-1102.50,USD,#1649,REFUND,PARTIALLY_REFUNDED,491726835607,P6Q9M2K7AXTW,Order Cap Test,United States
276,11-08-2026,#1649.1,manual,3399.89,3399.89,USD,#1649,PAYMENT,PARTIALLY_REFUNDED,491726835607,P6Q9M2K7AXTW,Order Cap Test,United States
277,11-08-2026,zpHBbMkTjo8vNyQP55ia9xMKo,shopify_payments,3399.89,-79.79,USD,#1648,REFUND,PARTIALLY_REFUNDED,491726835607,P6Q9M2K7AXTW,Order Cap Test,United States
278,11-08-2026,rlOOGjOyxNcNA0Ukw7NfzEviU,shopify_payments,3399.89,3399.89,USD,#1648,PAYMENT,PARTIALLY_REFUNDED,491726835607,P6Q9M2K7AXTW,Order Cap Test,United States
279,11-08-2026,#1644.2,manual,3399.89,-79.79,USD,#1644,REFUND,PARTIALLY_REFUNDED,491726835607,P6Q9M2K7AXTW,Order Cap Test,United States
280,11-08-2026,#1644.1,manual,3399.89,3399.89,USD,#1644,PAYMENT,PARTIALLY_REFUNDED,491726835607,P6Q9M2K7AXTW,Order Cap Test,United States
281,11-08-2026,zOXcMob60SKdq8i7hU60UCxRD,shopify_payments,5600.34,-3459.58,CAD,#1641,REFUND,PARTIALLY_REFUNDED,529801467312,SAP2M7L8X4ZW,Tata Sonic,Canada
282,11-08-2026,ryJrsd6MNJpA4JkRCtkm4Zl9S,shopify_payments,5600.34,5600.34,CAD,#1641,PAYMENT,PARTIALLY_REFUNDED,529801467312,SAP2M7L8X4ZW,Tata Sonic,Canada
283,08-08-2026,r8XUysp3sM2ljSPn2j7xQgeBp,shopify_payments,8957.22,957.22,CAD,#1638,PAYMENT,PARTIALLY_PAID,529801467312,SAP2M7L8X4ZW,Tata Sonic,Canada
284,08-08-2026,zukyz1Ypp0jHtkwOXxfyRoRfH,shopify_payments,8957.22,-2160.02,CAD,#1613,REFUND,PARTIALLY_REFUNDED,529801467312,SAP2M7L8X4ZW,Tata Sonic,Canada
285,08-08-2026,zgImN0px0rQaDwkgXfihV8OG0,shopify_payments,8957.22,-957.22,CAD,#1613,REFUND,PARTIALLY_REFUNDED,529801467312,SAP2M7L8X4ZW,Tata Sonic,Canada
286,08-08-2026,rOh6s4W0oS4uk5Vw3HMwSIuVC,shopify_payments,8957.22,8000.00,CAD,#1613,PAYMENT,PARTIALLY_REFUNDED,529801467312,SAP2M7L8X4ZW,Tata Sonic,Canada
287,08-08-2026,rVjrHaLPmj4WZhg6nTFCqzROx,shopify_payments,8957.22,957.22,CAD,#1613,PAYMENT,PARTIALLY_REFUNDED,529801467312,SAP2M7L8X4ZW,Tata Sonic,Canada
288,07-08-2026,#1612.2,manual,2589.25,-589.25,CAD,#1612,REFUND,PARTIALLY_REFUNDED,529801467312,SAP2M7L8X4ZW,Tata Sonic,Canada
289,07-08-2026,zoJm1bJh6sihq7frUfaAhWk5F,shopify_payments,2589.25,-969.37,CAD,#1612,REFUND,PARTIALLY_REFUNDED,529801467312,SAP2M7L8X4ZW,Tata Sonic,Canada
290,07-08-2026,rjUhhxYI3Sg7qJOLwuB55Lzlp,shopify_payments,2589.25,2000.00,CAD,#1612,PAYMENT,PARTIALLY_REFUNDED,529801467312,SAP2M7L8X4ZW,Tata Sonic,Canada
291,07-08-2026,#1612.1,manual,2589.25,589.25,CAD,#1612,PAYMENT,PARTIALLY_REFUNDED,529801467312,SAP2M7L8X4ZW,Tata Sonic,Canada
292,07-08-2026,#1611.1,Canada (Manual Bank Transfer),4214.99,4214.99,CAD,#1611,PAYMENT,PAID,529801467312,SAP2M7L8X4ZW,Tata Sonic,Canada
293,07-08-2026,#1610.1,Canada (Manual Bank Transfer),4214.99,4214.99,CAD,#1610,PAYMENT,PAID,529801467312,SAP2M7L8X4ZW,Tata Sonic,Canada
294,07-08-2026,#1609.1,Canada (Manual Bank Transfer),3424.68,3424.68,CAD,#1609,PAYMENT,PAID,529801467312,SAP2M7L8X4ZW,Tata Sonic,Canada
295,07-08-2026,#1602.1,manual,979.97,979.97,USD,#1602,PAYMENT,PAID,692385741908,F3SAP8Q2W7KN,KETAN UNIVERSITY,United States
296,07-08-2026,#1600.2,US (Manual Bank Transfer),1389.01,-1389.01,USD,#1600,REFUND,REFUNDED,692385741908,F3SAP8Q2W7KN,KETAN UNIVERSITY,United States
297,06-08-2026,#1607.2,US (Manual Bank Transfer),1651.24,-531.94,USD,#1607,REFUND,PARTIALLY_REFUNDED,692385741908,F3SAP8Q2W7KN,KETAN UNIVERSITY,United States
298,06-08-2026,#1606.2,US (Manual Bank Transfer),699.99,-350.99,USD,#1606,REFUND,PARTIALLY_REFUNDED,692385741908,F3SAP8Q2W7KN,KETAN UNIVERSITY,United States
299,06-08-2026,#1607.1,US (Manual Bank Transfer),1651.24,1651.24,USD,#1607,PAYMENT,PARTIALLY_REFUNDED,692385741908,F3SAP8Q2W7KN,KETAN UNIVERSITY,United States
300,06-08-2026,#1606.1,US (Manual Bank Transfer),699.99,699.99,USD,#1606,PAYMENT,PARTIALLY_REFUNDED,692385741908,F3SAP8Q2W7KN,KETAN UNIVERSITY,United States
301,06-08-2026,#1604.1,manual,857.07,300.00,USD,#1604,PAYMENT,PARTIALLY_PAID,692385741908,F3SAP8Q2W7KN,KETAN UNIVERSITY,United States
302,06-08-2026,#1605.1,manual,2115.99,1600.00,USD,#1605,PAYMENT,PARTIALLY_PAID,692385741908,F3SAP8Q2W7KN,KETAN UNIVERSITY,United States
303,06-08-2026,#1601.1,US (Manual Bank Transfer),2163.96,2163.96,USD,#1601,PAYMENT,PAID,692385741908,F3SAP8Q2W7KN,KETAN UNIVERSITY,United States
304,06-08-2026,#1600.1,US (Manual Bank Transfer),1389.01,1389.01,USD,#1600,PAYMENT,REFUNDED,692385741908,F3SAP8Q2W7KN,KETAN UNIVERSITY,United States
305,06-08-2026,#1592.2,manual,710.15,-332.83,USD,#1592,REFUND,PARTIALLY_REFUNDED,574318926140,SAP8N5T1Q4LX,Test USA Entity,United States
306,06-08-2026,#1599.1,Canada (Manual Bank Transfer),1580.62,1580.62,CAD,#1599,PAYMENT,PAID,529801467312,SAP2M7L8X4ZW,Tata Sonic,Canada
307,05-08-2026,#1598.1,Canada (Manual Bank Transfer),2107.50,2107.50,CAD,#1598,PAYMENT,PAID,529801467312,SAP2M7L8X4ZW,Tata Sonic,Canada
308,04-08-2026,#1571.1,manual,2451.81,2451.81,CAD,#1571,PAYMENT,PAID,529801467312,SAP2M7L8X4ZW,Tata Sonic,Canada
309,04-08-2026,#1572.3,manual,586.89,300.00,CAD,#1572,PAYMENT,PAID,529801467312,SAP2M7L8X4ZW,Tata Sonic,Canada
310,31-07-2026,#1597.1,Canada (Manual Bank Transfer),1756.38,1756.38,CAD,#1597,PAYMENT,PAID,529801467312,SAP2M7L8X4ZW,Tata Sonic,Canada
311,31-07-2026,#1596.1,manual,1756.38,1756.38,CAD,#1596,PAYMENT,PAID,529801467312,SAP2M7L8X4ZW,Tata Sonic,Canada
312,21-07-2026,#1594.2,Canada (Manual Bank Transfer),2022.54,-1335.73,CAD,#1594,REFUND,PARTIALLY_REFUNDED,529801467312,SAP2M7L8X4ZW,Tata Sonic,Canada
313,21-07-2026,#1594.1,Canada (Manual Bank Transfer),2022.54,2022.54,CAD,#1594,PAYMENT,PARTIALLY_REFUNDED,529801467312,SAP2M7L8X4ZW,Tata Sonic,Canada
314,20-07-2026,rzAoQlP0y37wzsr5eZSnYvBId,shopify_payments,150.17,150.17,CAD,#1593,PAYMENT,PAID,784592316048,SAP7A92KX4M1,Sample Company,United States
315,20-07-2026,#1566.2,US (Manual Bank Transfer),47498.40,-2137.42,USD,#1566,REFUND,PARTIALLY_REFUNDED,491726835607,P6Q9M2K7AXTW,Order Cap Test,
316,20-07-2026,#1566.1,US (Manual Bank Transfer),47498.40,40373.64,USD,#1566,PAYMENT,PARTIALLY_REFUNDED,491726835607,P6Q9M2K7AXTW,Order Cap Test,
317,20-07-2026,#1567.4,US (Manual Bank Transfer),6043.68,-1359.83,USD,#1567,REFUND,PARTIALLY_REFUNDED,491726835607,P6Q9M2K7AXTW,Order Cap Test,United States
318,20-07-2026,#1567.3,US (Manual Bank Transfer),6043.68,-1359.83,USD,#1567,REFUND,PARTIALLY_REFUNDED,491726835607,P6Q9M2K7AXTW,Order Cap Test,United States
319,20-07-2026,#1567.2,US (Manual Bank Transfer),6043.68,-1359.83,USD,#1567,REFUND,PARTIALLY_REFUNDED,491726835607,P6Q9M2K7AXTW,Order Cap Test,United States
320,20-07-2026,#1567.1,US (Manual Bank Transfer),6043.68,6043.68,USD,#1567,PAYMENT,PARTIALLY_REFUNDED,491726835607,P6Q9M2K7AXTW,Order Cap Test,United States
321,18-07-2026,#1572.2,manual,586.89,200.00,CAD,#1572,PAYMENT,PAID,529801467312,SAP2M7L8X4ZW,Tata Sonic,Canada
322,17-07-2026,#1501.2,Canada (Manual Bank Transfer),2471.51,-2471.51,CAD,#1501,REFUND,REFUNDED,195837462701,Q8L2SAP91XZT,Finance Test1,Canada
323,17-07-2026,#1396.5,manual,413.17,-47.53,CAD,#1396,REFUND,REFUNDED,529801467312,SAP2M7L8X4ZW,Tata Sonic,Canada
324,17-07-2026,#1396.3,US (Manual Bank Transfer),413.17,-120.00,CAD,#1396,REFUND,REFUNDED,529801467312,SAP2M7L8X4ZW,Tata Sonic,Canada
325,17-07-2026,#1396.4,manual,413.17,-50.47,CAD,#1396,REFUND,REFUNDED,529801467312,SAP2M7L8X4ZW,Tata Sonic,Canada
326,17-07-2026,zJIJgZg8HeduuVLXWnwtZfAlV,shopify_payments,5153.61,-41.63,CAD,#1326,REFUND,PARTIALLY_REFUNDED,784592316048,SAP7A92KX4M1,Sample Company,Canada
327,17-07-2026,zXuKAl7CXlRGSecrALHY1OlMv,shopify_payments,5153.61,-346.94,CAD,#1326,REFUND,PARTIALLY_REFUNDED,784592316048,SAP7A92KX4M1,Sample Company,Canada
328,17-07-2026,#1560.3,US (Manual Bank Transfer),2169.28,-2009.70,USD,#1560,REFUND,PARTIALLY_REFUNDED,529801467312,SAP2M7L8X4ZW,Tata Sonic,
329,17-07-2026,#1592.1,manual,710.15,682.98,USD,#1592,PAYMENT,PARTIALLY_REFUNDED,574318926140,SAP8N5T1Q4LX,Test USA Entity,United States
330,17-07-2026,#1590.1,manual,99.98,99.98,USD,#1590,PAYMENT,PAID,574318926140,SAP8N5T1Q4LX,Test USA Entity,United States
331,17-07-2026,#1589.1,shopify_store_credit,5656.76,-825.00,USD,#1589,REFUND,PARTIALLY_REFUNDED,574318926140,SAP8N5T1Q4LX,Test USA Entity,United States
332,17-07-2026,rcQV4oV6cTOUImkD6MzvJJPHV,shopify_store_credit,5656.76,5656.76,USD,#1589,PAYMENT,PARTIALLY_REFUNDED,574318926140,SAP8N5T1Q4LX,Test USA Entity,United States
333,14-07-2026,#1587.1,US (Manual Bank Transfer),266.79,266.79,USD,#1587,PAYMENT,PAID,470918632155,Y6K2A7T9PXLM,Anand's Company,United States
334,14-07-2026,#1584.1,US (Manual Bank Transfer),239.68,200.68,USD,#1584,PAYMENT,PARTIALLY_PAID,470918632155,Y6K2A7T9PXLM,Anand's Company,United States
335,14-07-2026,#1585.1,US (Manual Bank Transfer),143.47,143.47,USD,#1585,PAYMENT,PAID,470918632155,Y6K2A7T9PXLM,Anand's Company,United States
336,14-07-2026,#1586.2,US (Manual Bank Transfer),170.07,-132.88,USD,#1586,REFUND,PARTIALLY_REFUNDED,470918632155,Y6K2A7T9PXLM,Anand's Company,United States
337,14-07-2026,#1586.1,US (Manual Bank Transfer),170.07,170.07,USD,#1586,PAYMENT,PARTIALLY_REFUNDED,470918632155,Y6K2A7T9PXLM,Anand's Company,United States
338,14-07-2026,#1583.1,manual,325.16,325.16,USD,#1583,PAYMENT,PAID,753914268180,R8SAP1L4X2QM,Dell,United States
339,14-07-2026,#1582.1,manual,1326.40,1326.40,USD,#1582,PAYMENT,PAID,491726835607,P6Q9M2K7AXTW,Order Cap Test,United States
340,14-07-2026,r2PSBrHYDXhD4vh8YR92ougmc,shopify_payments,415.07,415.07,CAD,#1579,PAYMENT,PAID,784592316048,SAP7A92KX4M1,Sample Company,United States
341,14-07-2026,#1577.1,US (Manual Bank Transfer),1614.60,807.30,USD,#1577,PAYMENT,PARTIALLY_PAID,784592316048,SAP7A92KX4M1,Sample Company,United States
342,14-07-2026,rJ0jssBHwizkocLoZ6BT5LVre,shopify_payments,2500.41,2500.41,USD,#1576,PAYMENT,PAID,784592316048,SAP7A92KX4M1,Sample Company,United States
343,14-07-2026,rruIULr3BQFqFpEg422fc04wi,shopify_payments,7124.76,7124.76,USD,#1578,PAYMENT,PAID,784592316048,SAP7A92KX4M1,Sample Company,United States
344,14-07-2026,rRJiRt6zGmBfQrOp1ZAEOahW0,shopify_payments,248.49,248.49,USD,#1575,PAYMENT,PAID,784592316048,SAP7A92KX4M1,Sample Company,United States
345,14-07-2026,#1574.2,Canada (Manual Bank Transfer),10747.22,-9510.81,CAD,#1574,REFUND,PARTIALLY_REFUNDED,529801467312,SAP2M7L8X4ZW,Tata Sonic,Canada
346,14-07-2026,#1574.1,Canada (Manual Bank Transfer),10747.22,10747.22,CAD,#1574,PAYMENT,PARTIALLY_REFUNDED,529801467312,SAP2M7L8X4ZW,Tata Sonic,Canada
347,14-07-2026,#1572.1,Canada (Manual Bank Transfer),586.89,86.89,CAD,#1572,PAYMENT,PAID,529801467312,SAP2M7L8X4ZW,Tata Sonic,Canada
348,10-07-2026,#1568.1,US (Manual Bank Transfer),2374.92,374.92,USD,#1568,PAYMENT,PARTIALLY_PAID,491726835607,P6Q9M2K7AXTW,Order Cap Test,United States
349,08-07-2026,#1564.1,manual,33240.24,33240.24,USD,#1564,PAYMENT,PAID,491726835607,P6Q9M2K7AXTW,Order Cap Test,United States
350,08-07-2026,#1563.1,Canada (Manual Bank Transfer),267.31,267.31,CAD,#1563,PAYMENT,PAID,529801467312,SAP2M7L8X4ZW,Tata Sonic,
351,07-07-2026,#1562.1,manual,3605.07,3605.07,CAD,#1562,PAYMENT,PAID,529801467312,SAP2M7L8X4ZW,Tata Sonic,Canada
352,06-07-2026,#1558.2,US (Manual Bank Transfer),2617.91,-668.60,CAD,#1558,REFUND,PARTIALLY_REFUNDED,529801467312,SAP2M7L8X4ZW,Tata Sonic,Canada
353,03-07-2026,z8c2UmsFDdpSQz6WPgJyOK0ee,shopify_payments,2505.91,-216.91,USD,#1543,REFUND,PARTIALLY_REFUNDED,784592316048,SAP7A92KX4M1,Sample Company,United States
354,03-07-2026,#1560.2,US (Manual Bank Transfer),2169.28,-143.16,USD,#1560,REFUND,PARTIALLY_REFUNDED,529801467312,SAP2M7L8X4ZW,Tata Sonic,
355,03-07-2026,#1560.1,US (Manual Bank Transfer),2169.28,2169.28,USD,#1560,PAYMENT,PARTIALLY_REFUNDED,529801467312,SAP2M7L8X4ZW,Tata Sonic,
356,03-07-2026,#1559.1,US (Manual Bank Transfer),2169.28,2169.28,USD,#1559,PAYMENT,PAID,529801467312,SAP2M7L8X4ZW,Tata Sonic,
357,03-07-2026,#1558.1,US (Manual Bank Transfer),2617.91,2617.91,CAD,#1558,PAYMENT,PARTIALLY_REFUNDED,529801467312,SAP2M7L8X4ZW,Tata Sonic,Canada
358,02-07-2026,#1557.1,manual,2622.63,2622.63,CAD,#1557,PAYMENT,PAID,529801467312,SAP2M7L8X4ZW,Tata Sonic,Canada
359,02-07-2026,#1556.1,manual,2622.63,2622.63,CAD,#1556,PAYMENT,PAID,529801467312,SAP2M7L8X4ZW,Tata Sonic,Canada
360,02-07-2026,#1555.1,manual,890.29,890.29,USD,#1555,PAYMENT,PAID,529801467312,SAP2M7L8X4ZW,Tata Sonic,United States
361,02-07-2026,#1554.1,manual,890.29,890.29,USD,#1554,PAYMENT,PAID,529801467312,SAP2M7L8X4ZW,Tata Sonic,United States
362,02-07-2026,#1553.1,manual,890.29,890.29,USD,#1553,PAYMENT,PAID,529801467312,SAP2M7L8X4ZW,Tata Sonic,United States
363,02-07-2026,#1552.1,manual,883.88,883.88,USD,#1552,PAYMENT,PAID,529801467312,SAP2M7L8X4ZW,Tata Sonic,United States
364,02-07-2026,#1551.1,manual,637.30,637.30,USD,#1551,PAYMENT,PAID,529801467312,SAP2M7L8X4ZW,Tata Sonic,United States
365,01-07-2026,#1550.1,manual,637.30,637.30,USD,#1550,PAYMENT,PAID,529801467312,SAP2M7L8X4ZW,Tata Sonic,United States
366,30-06-2026,z5TwL9rEWXupO1L0r6XSBNsvR,shopify_payments,1751.06,-731.73,CAD,#1546,REFUND,PARTIALLY_REFUNDED,784592316048,SAP7A92KX4M1,Sample Company,United States
367,30-06-2026,#1547.3,manual,565.74,-42.68,USD,#1547,REFUND,PARTIALLY_REFUNDED,529801467312,SAP2M7L8X4ZW,Tata Sonic,United States
368,24-06-2026,#1547.2,manual,565.74,278.39,USD,#1547,PAYMENT,PARTIALLY_REFUNDED,529801467312,SAP2M7L8X4ZW,Tata Sonic,United States
369,24-06-2026,#1547.1,manual,565.74,250.00,USD,#1547,PAYMENT,PARTIALLY_REFUNDED,529801467312,SAP2M7L8X4ZW,Tata Sonic,United States
370,24-06-2026,rpA0ZE1dj7pqOAyaae44fIP1P,shopify_payments,1751.06,1751.06,CAD,#1546,PAYMENT,PARTIALLY_REFUNDED,784592316048,SAP7A92KX4M1,Sample Company,United States
371,24-06-2026,rirwm3sPpv6JuPn2xEJbqhaH7,shopify_payments,482.66,482.66,CAD,#1545,PAYMENT,PAID,784592316048,SAP7A92KX4M1,Sample Company,United States
372,24-06-2026,z4OoGGV0BGicaytWSNjnRroSc,shopify_payments,643.55,-293.04,CAD,#1544,REFUND,PARTIALLY_REFUNDED,784592316048,SAP7A92KX4M1,Sample Company,United States
373,24-06-2026,r4eP9pmjd1T8ECVoy35aODDrf,shopify_payments,643.55,643.55,CAD,#1544,PAYMENT,PARTIALLY_REFUNDED,784592316048,SAP7A92KX4M1,Sample Company,United States
374,24-06-2026,r2Jgyj6utbB6yxPN44xzFuyt5,shopify_payments,2505.91,2505.91,USD,#1543,PAYMENT,PARTIALLY_REFUNDED,784592316048,SAP7A92KX4M1,Sample Company,United States
375,24-06-2026,rVVBASp4vY1eqVqoNo4Jzo4OR,shopify_payments,1084.55,1084.55,USD,#1542,PAYMENT,PAID,784592316048,SAP7A92KX4M1,Sample Company,United States
376,24-06-2026,rfQ4Me7ALvq3vgT4TRC3bwEXd,shopify_payments,6460.98,6460.98,CAD,#1541,PAYMENT,PAID,784592316048,SAP7A92KX4M1,Sample Company,United States
377,24-06-2026,rZKfThQ4gVDNltc1cBYeiO1KN,shopify_payments,287.32,287.32,CAD,#1540,PAYMENT,PAID,784592316048,SAP7A92KX4M1,Sample Company,United States
378,24-06-2026,#1538.1,manual,584.97,584.97,USD,#1538,PAYMENT,PAID,529801467312,SAP2M7L8X4ZW,Tata Sonic,United States
379,23-06-2026,#1536.1,US (Manual Bank Transfer),564.69,564.69,USD,#1536,PAYMENT,PAID,529801467312,SAP2M7L8X4ZW,Tata Sonic,United States
380,23-06-2026,#1534.1,US (Manual Bank Transfer),531.61,531.61,USD,#1534,PAYMENT,PAID,529801467312,SAP2M7L8X4ZW,Tata Sonic,United States
381,23-06-2026,#1531.1,manual,1033.00,92.24,CAD,#1531,PAYMENT,PAID,195837462701,Q8L2SAP91XZT,Finance Test1,
382,22-06-2026,zrF9QcCW1HkmR0SJxWKE6wd55,shopify_payments,1580.96,-677.55,CAD,#1530,REFUND,PARTIALLY_REFUNDED,195837462701,Q8L2SAP91XZT,Finance Test1,Canada
383,22-06-2026,rxnUgCpm0PAWkviAJn1VwqafV,shopify_payments,1580.96,1580.96,CAD,#1530,PAYMENT,PARTIALLY_REFUNDED,195837462701,Q8L2SAP91XZT,Finance Test1,Canada
384,22-06-2026,rx1FByg4HJXStHtbQc0RAddvA,shopify_payments,1580.96,1580.96,CAD,#1529,PAYMENT,PAID,195837462701,Q8L2SAP91XZT,Finance Test1,Canada
385,22-06-2026,#1528.2,manual,941.42,-851.75,CAD,#1528,REFUND,PARTIALLY_REFUNDED,195837462701,Q8L2SAP91XZT,Finance Test1,
386,22-06-2026,#1528.1,manual,941.42,941.42,CAD,#1528,PAYMENT,PARTIALLY_REFUNDED,195837462701,Q8L2SAP91XZT,Finance Test1,
387,22-06-2026,#1526.2,manual,1073.74,-971.47,CAD,#1526,REFUND,PARTIALLY_REFUNDED,195837462701,Q8L2SAP91XZT,Finance Test1,
388,22-06-2026,#1526.1,manual,1073.74,1073.74,CAD,#1526,PAYMENT,PARTIALLY_REFUNDED,195837462701,Q8L2SAP91XZT,Finance Test1,
389,22-06-2026,#1525.1,manual,1033.15,1033.15,CAD,#1525,PAYMENT,PAID,195837462701,Q8L2SAP91XZT,Finance Test1,
390,22-06-2026,#1524.1,manual,546.91,546.91,CAD,#1524,PAYMENT,PAID,692385741908,F3SAP8Q2W7KN,KETAN UNIVERSITY,
391,22-06-2026,#1523.2,manual,810.16,-734.16,USD,#1523,REFUND,PARTIALLY_REFUNDED,692385741908,F3SAP8Q2W7KN,KETAN UNIVERSITY,
392,22-06-2026,#1523.1,manual,810.16,810.16,USD,#1523,PAYMENT,PARTIALLY_REFUNDED,692385741908,F3SAP8Q2W7KN,KETAN UNIVERSITY,
393,22-06-2026,#1522.1,US (Manual Bank Transfer),1176.74,1176.74,USD,#1522,PAYMENT,PAID,529801467312,SAP2M7L8X4ZW,Tata Sonic,United States
394,20-06-2026,#1505.1,US (Manual Bank Transfer),68.24,6.50,USD,#1505,PAYMENT,PAID,529801467312,SAP2M7L8X4ZW,Tata Sonic,
395,18-06-2026,#1502.1,US (Manual Bank Transfer),4274.86,4274.86,USD,#1502,PAYMENT,PAID,784592316048,SAP7A92KX4M1,Sample Company,United States
396,18-06-2026,#1501.1,Canada (Manual Bank Transfer),2471.51,2471.51,CAD,#1501,PAYMENT,REFUNDED,195837462701,Q8L2SAP91XZT,Finance Test1,Canada
397,12-06-2026,#1479.1,US (Manual Bank Transfer),2391.42,219.90,USD,#1479,PAYMENT,PAID,753914268180,R8SAP1L4X2QM,Dell,United States
398,12-06-2026,#1482.1,US (Manual Bank Transfer),2391.42,219.90,USD,#1482,PAYMENT,PAID,753914268180,R8SAP1L4X2QM,Dell,United States
399,12-06-2026,#1474.4,US (Manual Bank Transfer),350.95,-140.38,USD,#1474,REFUND,PARTIALLY_REFUNDED,784592316048,SAP7A92KX4M1,Sample Company,United States
400,12-06-2026,#1246.1,US (Manual Bank Transfer),8546.69,8546.69,USD,#1246,PAYMENT,PAID,529801467312,SAP2M7L8X4ZW,Tata Sonic,United States
401,12-06-2026,#1445.1,US (Manual Bank Transfer),223.99,44.89,USD,#1445,PAYMENT,PAID,692385741908,F3SAP8Q2W7KN,KETAN UNIVERSITY,
402,12-06-2026,#1476.2,manual,54.40,27.20,USD,#1476,PAYMENT,PAID,529801467312,SAP2M7L8X4ZW,Tata Sonic,United States
403,11-06-2026,ziB3lhWxAbhRnzwSDkXiRge8O,shopify_payments,106.92,-97.02,USD,#1473,REFUND,PARTIALLY_REFUNDED,947126580234,Q7Z2R8SAP1XM,TCS,United States
404,11-06-2026,#1450.2,US (Manual Bank Transfer),1418.08,27.24,USD,#1450,PAYMENT,PAID,784592316048,SAP7A92KX4M1,Sample Company,United States
405,11-06-2026,#1450.1,US (Manual Bank Transfer),1418.08,1390.84,USD,#1450,PAYMENT,PAID,784592316048,SAP7A92KX4M1,Sample Company,United States
406,11-06-2026,#1454.3,US (Manual Bank Transfer),704.66,27.17,USD,#1454,PAYMENT,PAID,574318926140,SAP8N5T1Q4LX,Test USA Entity,United States
407,11-06-2026,#1453.2,US (Manual Bank Transfer),676.41,27.17,USD,#1453,PAYMENT,PAID,574318926140,SAP8N5T1Q4LX,Test USA Entity,United States
408,11-06-2026,#1474.3,US (Manual Bank Transfer),350.95,-63.69,USD,#1474,REFUND,PARTIALLY_REFUNDED,784592316048,SAP7A92KX4M1,Sample Company,United States
409,11-06-2026,#1474.2,US (Manual Bank Transfer),350.95,-127.38,USD,#1474,REFUND,PARTIALLY_REFUNDED,784592316048,SAP7A92KX4M1,Sample Company,United States
410,11-06-2026,#1454.2,US (Manual Bank Transfer),704.66,27.17,USD,#1454,PAYMENT,PAID,574318926140,SAP8N5T1Q4LX,Test USA Entity,United States
411,11-06-2026,#1474.1,US (Manual Bank Transfer),350.95,350.95,USD,#1474,PAYMENT,PARTIALLY_REFUNDED,784592316048,SAP7A92KX4M1,Sample Company,United States
412,11-06-2026,#1476.1,US (Manual Bank Transfer),54.40,27.20,USD,#1476,PAYMENT,PAID,529801467312,SAP2M7L8X4ZW,Tata Sonic,United States
413,11-06-2026,#1472.1,shopify_store_credit,70.19,-70.19,USD,#1472,REFUND,REFUNDED,947126580234,Q7Z2R8SAP1XM,TCS,United States
414,11-06-2026,rDUulhBbkRjF4rexgeeICire7,shopify_payments,106.92,106.92,USD,#1473,PAYMENT,PARTIALLY_REFUNDED,947126580234,Q7Z2R8SAP1XM,TCS,United States
415,11-06-2026,rDHgJU1viIvdbsi68cJTL8vz2,shopify_payments,70.19,70.19,USD,#1472,PAYMENT,REFUNDED,947126580234,Q7Z2R8SAP1XM,TCS,United States
416,11-06-2026,#1470.1,US (Manual Bank Transfer),188.99,188.99,USD,#1470,PAYMENT,PAID,947126580234,Q7Z2R8SAP1XM,TCS,
417,10-06-2026,rKzhV7JmQ1VEztlvvI4fon7G5,shopify_payments,2.05,2.05,USD,#1466,PAYMENT,PAID,529801467312,SAP2M7L8X4ZW,Tata Sonic,United States
418,09-06-2026,rxoEyLGpa8hcFQarBmAFMCwru,shopify_store_credit,2391.42,-2391.41,USD,#1465,REFUND,PENDING,753914268180,R8SAP1L4X2QM,Dell,United States
419,09-06-2026,rxoEyLGpa8hcFQarBmAFMCwru,shopify_store_credit,2391.42,2391.41,USD,#1465,PAYMENT,PENDING,753914268180,R8SAP1L4X2QM,Dell,United States
420,09-06-2026,rDBKMGxfR0tHhdFMsHlJKkg0N,shopify_store_credit,2391.42,-2391.41,USD,#1465,REFUND,PENDING,753914268180,R8SAP1L4X2QM,Dell,United States
421,09-06-2026,rDBKMGxfR0tHhdFMsHlJKkg0N,shopify_store_credit,2391.42,2391.41,USD,#1465,PAYMENT,PENDING,753914268180,R8SAP1L4X2QM,Dell,United States
422,09-06-2026,#1464.1,shopify_store_credit,7174.24,-2391.41,USD,#1464,REFUND,PARTIALLY_REFUNDED,753914268180,R8SAP1L4X2QM,Dell,United States
423,09-06-2026,rW5VEYf3ro4FcyHzJoxr7wBnc,shopify_payments,7174.24,7174.24,USD,#1464,PAYMENT,PARTIALLY_REFUNDED,753914268180,R8SAP1L4X2QM,Dell,United States
424,09-06-2026,#1462.3,shopify_store_credit,3912.84,-1381.52,USD,#1462,REFUND,PARTIALLY_REFUNDED,753914268180,R8SAP1L4X2QM,Dell,United States
425,09-06-2026,#1462.2,US (Manual Bank Transfer),3912.84,912.84,USD,#1462,PAYMENT,PARTIALLY_REFUNDED,753914268180,R8SAP1L4X2QM,Dell,United States
426,09-06-2026,#1462.1,US (Manual Bank Transfer),3912.84,3000.00,USD,#1462,PAYMENT,PARTIALLY_REFUNDED,753914268180,R8SAP1L4X2QM,Dell,United States
427,09-06-2026,rbOM3IkyRIZIthC4YhQyokHYV,shopify_store_credit,2500.00,2432.90,USD,#1460,PAYMENT,PAID,618359427905,K5M7X3P9QARL,Test Finance,United States
428,09-06-2026,r6P7tNH4e33elYg4ZBvglnlWA,shopify_payments,2500.00,67.10,USD,#1460,PAYMENT,PAID,618359427905,K5M7X3P9QARL,Test Finance,United States
429,09-06-2026,#1439.3,shopify_store_credit,2552.00,-1276.00,USD,#1439,REFUND,PARTIALLY_REFUNDED,618359427905,K5M7X3P9QARL,Test Finance,
430,09-06-2026,rVeXwEWnYXup9DtnLdiXKaXKj,shopify_payments,959.53,959.53,CAD,#1459,PAYMENT,PAID,839201475682,A2X7K9P6MRQW,Test CANADA Entity,Canada
431,09-06-2026,r60Xvol1pFKYaAUkfdfq60BDI,shopify_payments,418.98,418.98,CAD,#1458,PAYMENT,PAID,839201475682,A2X7K9P6MRQW,Test CANADA Entity,Canada
432,09-06-2026,rPK8KU02hab3EBbEw6nyFPDrp,shopify_payments,1256.94,1256.94,CAD,#1457,PAYMENT,PAID,839201475682,A2X7K9P6MRQW,Test CANADA Entity,Canada
433,09-06-2026,rkd1bLXqjYodyYFSNz7UGOlh0,shopify_payments,1441.67,1441.67,CAD,#1456,PAYMENT,PAID,839201475682,A2X7K9P6MRQW,Test CANADA Entity,Canada
434,09-06-2026,raTpm1uNn8VNrul5QkOOFYIhP,shopify_payments,1675.93,1675.93,CAD,#1455,PAYMENT,PAID,839201475682,A2X7K9P6MRQW,Test CANADA Entity,Canada
435,09-06-2026,#1454.1,US (Manual Bank Transfer),704.66,650.32,USD,#1454,PAYMENT,PAID,574318926140,SAP8N5T1Q4LX,Test USA Entity,United States
436,09-06-2026,#1453.1,US (Manual Bank Transfer),676.41,649.24,USD,#1453,PAYMENT,PAID,574318926140,SAP8N5T1Q4LX,Test USA Entity,United States
437,09-06-2026,#1452.1,manual,677.49,650.32,USD,#1452,PAYMENT,PARTIALLY_PAID,574318926140,SAP8N5T1Q4LX,Test USA Entity,
438,08-06-2026,#1451.1,US (Manual Bank Transfer),649.24,649.24,USD,#1451,PAYMENT,PAID,574318926140,SAP8N5T1Q4LX,Test USA Entity,United States
439,08-06-2026,#1194.1,shopify_store_credit,630.39,-630.39,USD,#1194,REFUND,REFUNDED,842761950314,X9C2N7B5SAP4,TAX EXAMPT TEST,United States
440,07-06-2026,rWwf1aJTvHv0wxFljjHXPiRYR,shopify_payments,163.50,163.50,USD,#1449,PAYMENT,PAID,603918475226,M4P8R1K2WQ9A,Finance test ketan,United States
441,05-06-2026,#1447.2,manual,424.28,-384.48,USD,#1447,REFUND,PARTIALLY_REFUNDED,692385741908,F3SAP8Q2W7KN,KETAN UNIVERSITY,
442,05-06-2026,#1447.1,manual,424.28,424.28,USD,#1447,PAYMENT,PARTIALLY_REFUNDED,692385741908,F3SAP8Q2W7KN,KETAN UNIVERSITY,
443,05-06-2026,#1443.2,manual,1119.30,-1014.30,USD,#1443,REFUND,PARTIALLY_REFUNDED,692385741908,F3SAP8Q2W7KN,KETAN UNIVERSITY,
444,05-06-2026,#1444.1,US (Manual Bank Transfer),1755.71,1755.71,USD,#1444,PAYMENT,PAID,692385741908,F3SAP8Q2W7KN,KETAN UNIVERSITY,United States
445,04-06-2026,#1443.1,manual,1119.30,1119.30,USD,#1443,PAYMENT,PARTIALLY_REFUNDED,692385741908,F3SAP8Q2W7KN,KETAN UNIVERSITY,
446,04-06-2026,#1337.2,shopify_store_credit,2565.88,-734.16,USD,#1337,REFUND,PARTIALLY_REFUNDED,692385741908,F3SAP8Q2W7KN,KETAN UNIVERSITY,United States
447,04-06-2026,#1337.1,manual,2565.88,2565.88,USD,#1337,PAYMENT,PARTIALLY_REFUNDED,692385741908,F3SAP8Q2W7KN,KETAN UNIVERSITY,United States
448,04-06-2026,#1339.1,manual,34377.16,32534.90,USD,#1339,PAYMENT,PARTIALLY_PAID,692385741908,F3SAP8Q2W7KN,KETAN UNIVERSITY,United States
449,04-06-2026,#1340.1,manual,4964.90,4485.00,USD,#1340,PAYMENT,PARTIALLY_PAID,692385741908,F3SAP8Q2W7KN,KETAN UNIVERSITY,United States
450,04-06-2026,rcKtMwx0S7O0so4OxPdllP82x,shopify_payments,99.98,99.98,USD,#1442,PAYMENT,PAID,784592316048,SAP7A92KX4M1,Sample Company,United States
451,04-06-2026,#1441.1,US (Manual Bank Transfer),272.19,272.19,USD,#1441,PAYMENT,PAID,529801467312,SAP2M7L8X4ZW,Tata Sonic,United States
452,02-06-2026,rcLXsnTWwGvOQpUyvTxQNT2yu,shopify_store_credit,49.99,49.99,USD,#1440,PAYMENT,PAID,618359427905,K5M7X3P9QARL,Test Finance,United States
453,02-06-2026,#1439.2,shopify_store_credit,2552.00,-1148.40,USD,#1439,REFUND,PARTIALLY_REFUNDED,618359427905,K5M7X3P9QARL,Test Finance,
454,02-06-2026,#1439.1,US (Manual Bank Transfer),2552.00,2552.00,USD,#1439,PAYMENT,PARTIALLY_REFUNDED,618359427905,K5M7X3P9QARL,Test Finance,
455,02-06-2026,#1438.2,shopify_store_credit,801.99,-58.49,USD,#1438,REFUND,PARTIALLY_REFUNDED,618359427905,K5M7X3P9QARL,Test Finance,
456,02-06-2026,#1438.1,US (Manual Bank Transfer),801.99,801.99,USD,#1438,PAYMENT,PARTIALLY_REFUNDED,618359427905,K5M7X3P9QARL,Test Finance,
